date,scenario,category,reported_count,unit_cost_usd,modeled_cost_usd
2026-10-05,conservative,personnel,1544260,15000,23163900000
2026-10-05,conservative,boats,35,1200000,42000000
2026-10-05,conservative,tanks,12396,3000000,37188000000
2026-10-05,conservative,armoured_personnel_vehicles,25494,600000,15296400000
2026-10-05,conservative,artillery_systems,50785,1200000,60942000000
2026-10-05,conservative,mlrs,2184,2500000,5460000000
2026-10-05,conservative,vehicles,158551,90000,14269590000
2026-10-05,conservative,special_equipment,4795,250000,1198750000
2026-10-05,conservative,air_defence_systems,1688,12000000,20256000000
2026-10-05,conservative,aircraft,444,18000000,7992000000
2026-10-05,conservative,helicopters,356,12000000,4272000000
2026-10-05,conservative,uav,549986,30000,16499580000
2026-10-05,conservative,cruise_missiles,5126,750000,3844500000
2026-10-05,baseline,personnel,1544260,30000,46327800000
2026-10-05,baseline,boats,35,4000000,140000000
2026-10-05,baseline,tanks,12396,6000000,74376000000
2026-10-05,baseline,armoured_personnel_vehicles,25494,1500000,38241000000
2026-10-05,baseline,artillery_systems,50785,3000000,152355000000
2026-10-05,baseline,mlrs,2184,5000000,10920000000
2026-10-05,baseline,vehicles,158551,150000,23782650000
2026-10-05,baseline,special_equipment,4795,750000,3596250000
2026-10-05,baseline,air_defence_systems,1688,25000000,42200000000
2026-10-05,baseline,aircraft,444,35000000,15540000000
2026-10-05,baseline,helicopters,356,22000000,7832000000
2026-10-05,baseline,uav,549986,100000,54998600000
2026-10-05,baseline,cruise_missiles,5126,1500000,7689000000
2026-10-05,high,personnel,1544260,50000,77213000000
2026-10-05,high,boats,35,15000000,525000000
2026-10-05,high,tanks,12396,10000000,123960000000
2026-10-05,high,armoured_personnel_vehicles,25494,3000000,76482000000
2026-10-05,high,artillery_systems,50785,7000000,355495000000
2026-10-05,high,mlrs,2184,12000000,26208000000
2026-10-05,high,vehicles,158551,350000,55492850000
2026-10-05,high,special_equipment,4795,2000000,9590000000
2026-10-05,high,air_defence_systems,1688,70000000,118160000000
2026-10-05,high,aircraft,444,80000000,35520000000
2026-10-05,high,helicopters,356,45000000,16020000000
2026-10-05,high,uav,549986,350000,192495100000
2026-10-05,high,cruise_missiles,5126,3000000,15378000000
