date,occupied_km2,occupied_share_pct,net_change_km2
2021-12-31,43744,7.248,0
2022-02-23,43744,7.248,0
2022-02-24,57309.17,9.495,13565.17
2022-02-25,73610.96,12.196,16301.79
2022-02-26,81813.54,13.555,8202.58
2022-02-27,85814.94,14.218,4001.4
2022-02-28,85814.94,14.218,0
2022-03-01,87129.47,14.436,1314.53
2022-03-02,87785.33,14.545,655.86
2022-03-03,92815.44,15.378,5030.11
2022-03-04,92801.5,15.376,-13.94
2022-03-05,97302.31,16.122,4500.81
2022-03-06,97302.31,16.122,0
2022-03-07,97302.31,16.122,0
2022-03-08,97302.31,16.122,0
2022-03-09,103914.13,17.217,6611.82
2022-03-10,104981.44,17.394,1067.31
2022-03-11,105264.21,17.441,282.77
2022-03-12,105264.21,17.441,0
2022-03-13,105264.21,17.441,0
2022-03-14,105264.21,17.441,0
2022-03-15,114015.09,18.891,8750.88
2022-03-16,112494.83,18.639,-1520.26
2022-03-17,112494.83,18.639,0
2022-03-18,112494.83,18.639,0
2022-03-19,112494.83,18.639,0
2022-03-20,112494.83,18.639,0
2022-03-21,112494.83,18.639,0
2022-03-22,112494.83,18.639,0
2022-03-23,143077.37,23.706,30582.54
2022-03-24,142433.87,23.599,-643.5
2022-03-25,141329.74,23.416,-1104.13
2022-03-26,155723.04,25.801,14393.3
2022-03-27,155723.04,25.801,0
2022-03-28,155723.04,25.801,0
2022-03-29,155723.04,25.801,0
2022-03-30,157669.35,26.124,1946.31
2022-03-31,157669.35,26.124,0
2022-04-01,157669.35,26.124,0
2022-04-02,156359.18,25.907,-1310.17
2022-04-03,156359.18,25.907,0
2022-04-04,156359.18,25.907,0
2022-04-05,157307.42,26.064,948.24
2022-04-06,125994.57,20.876,-31312.85
2022-04-07,125994.57,20.876,0
2022-04-08,125994.57,20.876,0
2022-04-09,125994.57,20.876,0
2022-04-10,126614.15,20.978,619.58
2022-04-11,126614.15,20.978,0
2022-04-12,126614.15,20.978,0
2022-04-13,126336.91,20.932,-277.24
2022-04-14,126336.91,20.932,0
2022-04-15,126336.94,20.932,0.03
2022-04-16,126336.94,20.932,0
2022-04-17,125400.99,20.777,-935.95
2022-04-18,125400.99,20.777,0
2022-04-19,125400.99,20.777,0
2022-04-20,125598.62,20.81,197.63
2022-04-21,125598.62,20.81,0
2022-04-22,125600.32,20.81,1.7
2022-04-23,125600.32,20.81,0
2022-04-24,126109.96,20.895,509.64
2022-04-25,126109.96,20.895,0
2022-04-26,126421.35,20.946,311.39
2022-04-27,126421.35,20.946,0
2022-04-28,126421.35,20.946,0
2022-04-29,126421.35,20.946,0
2022-04-30,126100.85,20.893,-320.5
2022-05-01,126100.85,20.893,0
2022-05-02,125762.38,20.837,-338.47
2022-05-03,125762.38,20.837,0
2022-05-04,125774.39,20.839,12.01
2022-05-05,125774.39,20.839,0
2022-05-06,125774.39,20.839,0
2022-05-07,125643.58,20.817,-130.81
2022-05-08,125643.58,20.817,0
2022-05-09,125661.68,20.82,18.1
2022-05-10,125661.68,20.82,0
2022-05-11,125669.63,20.822,7.95
2022-05-12,125589.6,20.808,-80.03
2022-05-13,125589.6,20.808,0
2022-05-14,125589.6,20.808,0
2022-05-15,125784.07,20.841,194.47
2022-05-16,125784.07,20.841,0
2022-05-17,125784.07,20.841,0
2022-05-18,125808.21,20.845,24.14
2022-05-19,125808.21,20.845,0
2022-05-20,125808.21,20.845,0
2022-05-21,126020.27,20.88,212.06
2022-05-22,126020.27,20.88,0
2022-05-23,126020.27,20.88,0
2022-05-24,126020.27,20.88,0
2022-05-25,126020.27,20.88,0
2022-05-26,126020.27,20.88,0
2022-05-27,126020.27,20.88,0
2022-05-28,126548.63,20.967,528.36
2022-05-29,126548.63,20.967,0
2022-05-30,126548.63,20.967,0
2022-05-31,126548.63,20.967,0
2022-06-01,126548.63,20.967,0
2022-06-02,126639.76,20.982,91.13
2022-06-03,126639.76,20.982,0
2022-06-04,126639.76,20.982,0
2022-06-05,126639.76,20.982,0
2022-06-06,126503.31,20.96,-136.45
2022-06-07,126503.31,20.96,0
2022-06-08,126495.83,20.959,-7.48
2022-06-09,126495.83,20.959,0
2022-06-10,126495.83,20.959,0
2022-06-11,126495.83,20.959,0
2022-06-12,126645.65,20.983,149.82
2022-06-13,126645.65,20.983,0
2022-06-14,126645.65,20.983,0
2022-06-15,126645.65,20.983,0
2022-06-16,126595.99,20.975,-49.66
2022-06-17,126595.99,20.975,0
2022-06-18,126595.99,20.975,0
2022-06-19,126595.99,20.975,0
2022-06-20,126595.99,20.975,0
2022-06-21,126595.99,20.975,0
2022-06-22,126595.99,20.975,0
2022-06-23,126760.3,21.002,164.31
2022-06-24,126760.3,21.002,0
2022-06-25,126760.3,21.002,0
2022-06-26,126760.3,21.002,0
2022-06-27,126929.55,21.03,169.25
2022-06-28,126929.55,21.03,0
2022-06-29,126777.34,21.005,-152.21
2022-06-30,126777.34,21.005,0
2022-07-01,126777.34,21.005,0
2022-07-02,126825.67,21.013,48.33
2022-07-03,126825.67,21.013,0
2022-07-04,126825.67,21.013,0
2022-07-05,126825.67,21.013,0
2022-07-06,127061.79,21.052,236.12
2022-07-07,127061.79,21.052,0
2022-07-08,126971.77,21.037,-90.02
2022-07-09,126971.77,21.037,0
2022-07-10,126971.77,21.037,0
2022-07-11,126971.77,21.037,0
2022-07-12,126971.77,21.037,0
2022-07-13,126971.77,21.037,0
2022-07-14,126971.77,21.037,0
2022-07-15,126971.77,21.037,0
2022-07-16,126971.77,21.037,0
2022-07-17,126971.77,21.037,0
2022-07-18,126971.77,21.037,0
2022-07-19,126999.44,21.042,27.67
2022-07-20,126999.44,21.042,0
2022-07-21,126999.44,21.042,0
2022-07-22,126999.44,21.042,0
2022-07-23,126999.44,21.042,0
2022-07-24,127018.9,21.045,19.46
2022-07-25,127018.9,21.045,0
2022-07-26,127018.9,21.045,0
2022-07-27,127018.9,21.045,0
2022-07-28,127018.9,21.045,0
2022-07-29,127018.9,21.045,0
2022-07-30,127018.9,21.045,0
2022-07-31,127018.9,21.045,0
2022-08-01,127018.9,21.045,0
2022-08-02,127018.9,21.045,0
2022-08-03,127018.9,21.045,0
2022-08-04,127018.9,21.045,0
2022-08-05,127018.9,21.045,0
2022-08-06,127018.9,21.045,0
2022-08-07,127268.75,21.087,249.85
2022-08-08,127268.75,21.087,0
2022-08-09,127268.75,21.087,0
2022-08-10,127268.75,21.087,0
2022-08-11,127162.18,21.069,-106.57
2022-08-12,127162.18,21.069,0
2022-08-13,127111.77,21.061,-50.41
2022-08-14,127111.77,21.061,0
2022-08-15,127111.77,21.061,0
2022-08-16,127111.77,21.061,0
2022-08-17,127111.77,21.061,0
2022-08-18,127111.77,21.061,0
2022-08-19,127111.77,21.061,0
2022-08-20,127111.77,21.061,0
2022-08-21,127111.77,21.061,0
2022-08-22,127111.77,21.061,0
2022-08-23,127111.77,21.061,0
2022-08-24,127832.6,21.18,720.83
2022-08-25,127832.6,21.18,0
2022-08-26,127832.6,21.18,0
2022-08-27,127832.6,21.18,0
2022-08-28,127864.06,21.185,31.46
2022-08-29,127864.06,21.185,0
2022-08-30,127864.06,21.185,0
2022-08-31,127873.99,21.187,9.93
2022-09-01,127873.99,21.187,0
2022-09-02,127873.99,21.187,0
2022-09-03,127873.99,21.187,0
2022-09-04,127868.07,21.186,-5.92
2022-09-05,127868.07,21.186,0
2022-09-06,127672.04,21.154,-196.03
2022-09-07,127672.04,21.154,0
2022-09-08,127580.59,21.138,-91.45
2022-09-09,127580.59,21.138,0
2022-09-10,127580.59,21.138,0
2022-09-11,127277.55,21.088,-303.04
2022-09-12,127277.55,21.088,0
2022-09-13,127277.55,21.088,0
2022-09-14,127277.55,21.088,0
2022-09-15,127277.55,21.088,0
2022-09-16,127277.55,21.088,0
2022-09-17,127277.55,21.088,0
2022-09-18,127277.55,21.088,0
2022-09-19,127277.55,21.088,0
2022-09-20,118930.97,19.705,-8346.58
2022-09-21,118930.97,19.705,0
2022-09-22,118930.97,19.705,0
2022-09-23,118930.97,19.705,0
2022-09-24,118930.97,19.705,0
2022-09-25,118663.58,19.661,-267.39
2022-09-26,118663.58,19.661,0
2022-09-27,118663.58,19.661,0
2022-09-28,118663.58,19.661,0
2022-09-29,118663.58,19.661,0
2022-09-30,118408.19,19.619,-255.39
2022-10-01,118408.19,19.619,0
2022-10-02,118408.19,19.619,0
2022-10-03,117804.4,19.519,-603.79
2022-10-04,117804.4,19.519,0
2022-10-05,117804.4,19.519,0
2022-10-06,117804.4,19.519,0
2022-10-07,115449.04,19.128,-2355.36
2022-10-08,115449.04,19.128,0
2022-10-09,114313.77,18.94,-1135.27
2022-10-10,114313.77,18.94,0
2022-10-11,114141.42,18.912,-172.35
2022-10-12,114141.42,18.912,0
2022-10-13,114141.42,18.912,0
2022-10-14,114141.42,18.912,0
2022-10-15,114141.42,18.912,0
2022-10-16,114127.89,18.909,-13.53
2022-10-17,114127.89,18.909,0
2022-10-18,114127.89,18.909,0
2022-10-19,114127.89,18.909,0
2022-10-20,114127.89,18.909,0
2022-10-21,114127.89,18.909,0
2022-10-22,114127.89,18.909,0
2022-10-23,114088.54,18.903,-39.35
2022-10-24,114088.54,18.903,0
2022-10-25,114088.54,18.903,0
2022-10-26,114088.54,18.903,0
2022-10-27,114088.54,18.903,0
2022-10-28,114088.54,18.903,0
2022-10-29,114088.54,18.903,0
2022-10-30,114088.54,18.903,0
2022-10-31,114088.54,18.903,0
2022-11-01,114088.54,18.903,0
2022-11-02,114088.54,18.903,0
2022-11-03,114088.54,18.903,0
2022-11-04,114088.54,18.903,0
2022-11-05,114088.54,18.903,0
2022-11-06,114088.54,18.903,0
2022-11-07,114088.54,18.903,0
2022-11-08,114083.96,18.902,-4.58
2022-11-09,114083.96,18.902,0
2022-11-10,113979.39,18.885,-104.57
2022-11-11,113979.39,18.885,0
2022-11-12,113979.39,18.885,0
2022-11-13,113979.39,18.885,0
2022-11-14,114581.54,18.985,602.15
2022-11-15,114581.54,18.985,0
2022-11-16,110195.85,18.258,-4385.69
2022-11-17,110195.85,18.258,0
2022-11-18,110195.85,18.258,0
2022-11-19,110195.85,18.258,0
2022-11-20,110195.85,18.258,0
2022-11-21,110195.85,18.258,0
2022-11-22,110215.72,18.261,19.87
2022-11-23,110215.72,18.261,0
2022-11-24,110215.72,18.261,0
2022-11-25,110215.72,18.261,0
2022-11-26,110215.72,18.261,0
2022-11-27,110215.72,18.261,0
2022-11-28,110215.72,18.261,0
2022-11-29,110215.72,18.261,0
2022-11-30,110215.72,18.261,0
2022-12-01,110215.72,18.261,0
2022-12-02,110215.72,18.261,0
2022-12-03,110215.72,18.261,0
2022-12-04,110252.07,18.267,36.35
2022-12-05,110136.53,18.248,-115.54
2022-12-06,110136.53,18.248,0
2022-12-07,110136.53,18.248,0
2022-12-08,110136.53,18.248,0
2022-12-09,110136.53,18.248,0
2022-12-10,110136.53,18.248,0
2022-12-11,110136.53,18.248,0
2022-12-12,110136.53,18.248,0
2022-12-13,110136.53,18.248,0
2022-12-14,110136.53,18.248,0
2022-12-15,110136.53,18.248,0
2022-12-16,110136.53,18.248,0
2022-12-17,110136.53,18.248,0
2022-12-18,110136.53,18.248,0
2022-12-19,110136.53,18.248,0
2022-12-20,110136.53,18.248,0
2022-12-21,110136.53,18.248,0
2022-12-22,110136.53,18.248,0
2022-12-23,110136.75,18.248,0.22
2022-12-24,110136.75,18.248,0
2022-12-25,110136.75,18.248,0
2022-12-26,110089.11,18.24,-47.64
2022-12-27,110089.11,18.24,0
2022-12-28,110089.11,18.24,0
2022-12-29,110089.11,18.24,0
2022-12-30,110102.35,18.242,13.24
2022-12-31,110102.35,18.242,0
2023-01-01,110102.35,18.242,0
2023-01-02,110102.35,18.242,0
2023-01-03,110102.35,18.242,0
2023-01-04,110102.35,18.242,0
2023-01-05,110037.92,18.232,-64.43
2023-01-06,109944.16,18.216,-93.76
2023-01-07,109944.16,18.216,0
2023-01-08,109944.16,18.216,0
2023-01-09,109944.16,18.216,0
2023-01-10,110015.41,18.228,71.25
2023-01-11,110015.41,18.228,0
2023-01-12,110015.41,18.228,0
2023-01-13,110015.41,18.228,0
2023-01-14,110015.41,18.228,0
2023-01-15,110015.41,18.228,0
2023-01-16,110015.41,18.228,0
2023-01-17,110015.41,18.228,0
2023-01-18,110015.41,18.228,0
2023-01-19,110015.41,18.228,0
2023-01-20,110062.22,18.236,46.81
2023-01-21,110062.22,18.236,0
2023-01-22,110062.22,18.236,0
2023-01-23,110062.22,18.236,0
2023-01-24,110062.22,18.236,0
2023-01-25,110101.66,18.242,39.44
2023-01-26,110101.66,18.242,0
2023-01-27,110101.66,18.242,0
2023-01-28,110101.66,18.242,0
2023-01-29,110101.66,18.242,0
2023-01-30,110101.66,18.242,0
2023-01-31,110101.66,18.242,0
2023-02-01,110056.23,18.235,-45.43
2023-02-02,110056.23,18.235,0
2023-02-03,110056.23,18.235,0
2023-02-04,110056.23,18.235,0
2023-02-05,110056.23,18.235,0
2023-02-06,110056.23,18.235,0
2023-02-07,110056.23,18.235,0
2023-02-08,110056.23,18.235,0
2023-02-09,110255.52,18.268,199.29
2023-02-10,110255.52,18.268,0
2023-02-11,110255.52,18.268,0
2023-02-12,110255.52,18.268,0
2023-02-13,110473.51,18.304,217.99
2023-02-14,110473.51,18.304,0
2023-02-15,110473.51,18.304,0
2023-02-16,110473.51,18.304,0
2023-02-17,110473.51,18.304,0
2023-02-18,110438.66,18.298,-34.85
2023-02-19,110438.66,18.298,0
2023-02-20,110448.08,18.3,9.42
2023-02-21,110448.08,18.3,0
2023-02-22,110448.08,18.3,0
2023-02-23,110448.08,18.3,0
2023-02-24,110448.08,18.3,0
2023-02-25,110448.08,18.3,0
2023-02-26,110448.08,18.3,0
2023-02-27,110468.55,18.303,20.47
2023-02-28,110468.55,18.303,0
2023-03-01,110468.55,18.303,0
2023-03-02,110468.55,18.303,0
2023-03-03,110468.55,18.303,0
2023-03-04,110468.55,18.303,0
2023-03-05,110497.43,18.308,28.88
2023-03-06,110497.43,18.308,0
2023-03-07,110497.43,18.308,0
2023-03-08,110502.72,18.309,5.29
2023-03-09,110509.84,18.31,7.12
2023-03-10,110509.84,18.31,0
2023-03-11,110509.84,18.31,0
2023-03-12,110509.84,18.31,0
2023-03-13,110509.84,18.31,0
2023-03-14,110509.7,18.31,-0.14
2023-03-15,110663.85,18.335,154.15
2023-03-16,110764.77,18.352,100.92
2023-03-17,110764.77,18.352,0
2023-03-18,110788.39,18.356,23.62
2023-03-19,110788.39,18.356,0
2023-03-20,110788.39,18.356,0
2023-03-21,110793.38,18.357,4.99
2023-03-22,110789.25,18.356,-4.13
2023-03-23,110826.92,18.363,37.67
2023-03-24,110858.67,18.368,31.75
2023-03-25,110858.67,18.368,0
2023-03-26,110858.67,18.368,0
2023-03-27,110858.67,18.368,0
2023-03-28,110864.86,18.369,6.19
2023-03-29,110864.86,18.369,0
2023-03-30,110864.86,18.369,0
2023-03-31,110862.96,18.368,-1.9
2023-04-01,110862.96,18.368,0
2023-04-02,110862.96,18.368,0
2023-04-03,110862.96,18.368,0
2023-04-04,110862.96,18.368,0
2023-04-05,110862.96,18.368,0
2023-04-06,110868.83,18.369,5.87
2023-04-07,110868.83,18.369,0
2023-04-08,110871.52,18.37,2.69
2023-04-09,110871.52,18.37,0
2023-04-10,110871.52,18.37,0
2023-04-11,110871.52,18.37,0
2023-04-12,110871.52,18.37,0
2023-04-13,110868.24,18.369,-3.28
2023-04-14,110868.24,18.369,0
2023-04-15,110868.67,18.369,0.43
2023-04-16,110868.67,18.369,0
2023-04-17,110868.67,18.369,0
2023-04-18,110847.32,18.366,-21.35
2023-04-19,110847.32,18.366,0
2023-04-20,110847.32,18.366,0
2023-04-21,110847.32,18.366,0
2023-04-22,110847.32,18.366,0
2023-04-23,110847.32,18.366,0
2023-04-24,110849.76,18.366,2.44
2023-04-25,110849.76,18.366,0
2023-04-26,110849.76,18.366,0
2023-04-27,110864.24,18.369,14.48
2023-04-28,110864.24,18.369,0
2023-04-29,110864.24,18.369,0
2023-04-30,110795.99,18.357,-68.25
2023-05-01,110795.99,18.357,0
2023-05-02,110795.99,18.357,0
2023-05-03,110795.99,18.357,0
2023-05-04,110795.99,18.357,0
2023-05-05,110795.99,18.357,0
2023-05-06,110795.99,18.357,0
2023-05-07,110795.99,18.357,0
2023-05-08,110795.99,18.357,0
2023-05-09,110795.99,18.357,0
2023-05-10,110811.73,18.36,15.74
2023-05-11,110811.73,18.36,0
2023-05-12,110811.73,18.36,0
2023-05-13,110811.73,18.36,0
2023-05-14,110811.73,18.36,0
2023-05-15,110811.73,18.36,0
2023-05-16,110811.73,18.36,0
2023-05-17,110811.73,18.36,0
2023-05-18,110819.07,18.361,7.34
2023-05-19,110819.07,18.361,0
2023-05-20,110819.07,18.361,0
2023-05-21,110820.74,18.361,1.67
2023-05-22,110820.74,18.361,0
2023-05-23,110748,18.349,-72.74
2023-05-24,107396.6,17.794,-3351.4
2023-05-25,107396.6,17.794,0
2023-05-26,107396.59,17.794,-0.01
2023-05-27,107396.59,17.794,0
2023-05-28,107396.59,17.794,0
2023-05-29,107396.59,17.794,0
2023-05-30,107396.59,17.794,0
2023-05-31,107396.59,17.794,0
2023-06-01,107396.59,17.794,0
2023-06-02,107396.59,17.794,0
2023-06-03,107396.59,17.794,0
2023-06-04,107396.59,17.794,0
2023-06-05,107396.59,17.794,0
2023-06-06,107404.08,17.795,7.49
2023-06-07,107385.38,17.792,-18.7
2023-06-08,107385.38,17.792,0
2023-06-09,107385.37,17.792,-0.01
2023-06-10,107366.81,17.789,-18.56
2023-06-11,107366.81,17.789,0
2023-06-12,107366.81,17.789,0
2023-06-13,107328.44,17.783,-38.37
2023-06-14,107328.44,17.783,0
2023-06-15,107328.76,17.783,0.32
2023-06-16,107328.63,17.783,-0.13
2023-06-17,107328.63,17.783,0
2023-06-18,107328.63,17.783,0
2023-06-19,107328.63,17.783,0
2023-06-20,107249.07,17.77,-79.56
2023-06-21,107249.07,17.77,0
2023-06-22,107424.48,17.799,175.41
2023-06-23,107424.48,17.799,0
2023-06-24,107424.5,17.799,0.02
2023-06-25,107239.98,17.768,-184.52
2023-06-26,107239.98,17.768,0
2023-06-27,107239.98,17.768,0
2023-06-28,107250.52,17.77,10.54
2023-06-29,107250.52,17.77,0
2023-06-30,107250.52,17.77,0
2023-07-01,107250.52,17.77,0
2023-07-02,107250.52,17.77,0
2023-07-03,107250.52,17.77,0
2023-07-04,107196.33,17.761,-54.19
2023-07-05,107196.33,17.761,0
2023-07-06,107225.2,17.766,28.87
2023-07-07,107225.2,17.766,0
2023-07-08,107213.9,17.764,-11.3
2023-07-09,107213.9,17.764,0
2023-07-10,107213.9,17.764,0
2023-07-11,107213.9,17.764,0
2023-07-12,107213.9,17.764,0
2023-07-13,107227.58,17.766,13.68
2023-07-14,107227.58,17.766,0
2023-07-15,107227.58,17.766,0
2023-07-16,107227.58,17.766,0
2023-07-17,107227.58,17.766,0
2023-07-18,107227.58,17.766,0
2023-07-19,107227.58,17.766,0
2023-07-20,107227.58,17.766,0
2023-07-21,107227.58,17.766,0
2023-07-22,107227.58,17.766,0
2023-07-23,107227.58,17.766,0
2023-07-24,107227.58,17.766,0
2023-07-25,107262.36,17.772,34.78
2023-07-26,107262.36,17.772,0
2023-07-27,107262.36,17.772,0
2023-07-28,107268.32,17.773,5.96
2023-07-29,107248.95,17.77,-19.37
2023-07-30,107248.95,17.77,0
2023-07-31,107248.95,17.77,0
2023-08-01,107248.95,17.77,0
2023-08-02,107248.95,17.77,0
2023-08-03,107248.95,17.77,0
2023-08-04,107248.95,17.77,0
2023-08-05,107248.95,17.77,0
2023-08-06,107248.95,17.77,0
2023-08-07,107248.95,17.77,0
2023-08-08,107156.65,17.754,-92.3
2023-08-09,107156.65,17.754,0
2023-08-10,107156.65,17.754,0
2023-08-11,107213.37,17.764,56.72
2023-08-12,107213.39,17.764,0.02
2023-08-13,107213.39,17.764,0
2023-08-14,107213.39,17.764,0
2023-08-15,107213.39,17.764,0
2023-08-16,107156.13,17.754,-57.26
2023-08-17,107156.13,17.754,0
2023-08-18,107156.13,17.754,0
2023-08-19,107156.13,17.754,0
2023-08-20,107156.13,17.754,0
2023-08-21,107156.13,17.754,0
2023-08-22,107141.03,17.752,-15.1
2023-08-23,107141.03,17.752,0
2023-08-24,107141.03,17.752,0
2023-08-25,107141.03,17.752,0
2023-08-26,107151.98,17.754,10.95
2023-08-27,107151.98,17.754,0
2023-08-28,107151.98,17.754,0
2023-08-29,107145.15,17.752,-6.83
2023-08-30,107145.15,17.752,0
2023-08-31,107119.63,17.748,-25.52
2023-09-01,107119.63,17.748,0
2023-09-02,107119.63,17.748,0
2023-09-03,107119.63,17.748,0
2023-09-04,107119.63,17.748,0
2023-09-05,107031.92,17.734,-87.71
2023-09-06,107031.92,17.734,0
2023-09-07,107031.92,17.734,0
2023-09-08,107031.92,17.734,0
2023-09-09,107031.92,17.734,0
2023-09-10,107031.92,17.734,0
2023-09-11,107031.92,17.734,0
2023-09-12,107031.92,17.734,0
2023-09-13,107020.16,17.732,-11.76
2023-09-14,107013.08,17.731,-7.08
2023-09-15,107031.15,17.734,18.07
2023-09-16,107029,17.733,-2.15
2023-09-17,107029,17.733,0
2023-09-18,107029,17.733,0
2023-09-19,107029,17.733,0
2023-09-20,107029,17.733,0
2023-09-21,107029,17.733,0
2023-09-22,107029,17.733,0
2023-09-23,107029,17.733,0
2023-09-24,107029,17.733,0
2023-09-25,107029,17.733,0
2023-09-26,107029,17.733,0
2023-09-27,107029,17.733,0
2023-09-28,107029,17.733,0
2023-09-29,107029,17.733,0
2023-09-30,107029,17.733,0
2023-10-01,107029,17.733,0
2023-10-02,107029,17.733,0
2023-10-03,107029,17.733,0
2023-10-04,107029,17.733,0
2023-10-05,107029,17.733,0
2023-10-06,107029,17.733,0
2023-10-07,107029,17.733,0
2023-10-08,107029,17.733,0
2023-10-09,107029,17.733,0
2023-10-10,107029,17.733,0
2023-10-11,107029,17.733,0
2023-10-12,107029,17.733,0
2023-10-13,107029,17.733,0
2023-10-14,107029,17.733,0
2023-10-15,107029,17.733,0
2023-10-16,107029,17.733,0
2023-10-17,107029,17.733,0
2023-10-18,107029,17.733,0
2023-10-19,107029,17.733,0
2023-10-20,107029,17.733,0
2023-10-21,107029,17.733,0
2023-10-22,107029,17.733,0
2023-10-23,107029,17.733,0
2023-10-24,107029,17.733,0
2023-10-25,107029,17.733,0
2023-10-26,107029,17.733,0
2023-10-27,107029,17.733,0
2023-10-28,107029,17.733,0
2023-10-29,107029,17.733,0
2023-10-30,107029,17.733,0
2023-10-31,107002.01,17.729,-26.99
2023-11-01,107002.01,17.729,0
2023-11-02,107002.01,17.729,0
2023-11-03,107002.01,17.729,0
2023-11-04,107002.01,17.729,0
2023-11-05,107002.01,17.729,0
2023-11-06,107002.01,17.729,0
2023-11-07,107002.01,17.729,0
2023-11-08,107002.01,17.729,0
2023-11-09,107002.01,17.729,0
2023-11-10,107002.01,17.729,0
2023-11-11,107002.01,17.729,0
2023-11-12,107002.01,17.729,0
2023-11-13,107002.01,17.729,0
2023-11-14,107002.01,17.729,0
2023-11-15,107009.42,17.73,7.41
2023-11-16,107009.42,17.73,0
2023-11-17,107009.42,17.73,0
2023-11-18,107009.42,17.73,0
2023-11-19,107009.42,17.73,0
2023-11-20,107009.42,17.73,0
2023-11-21,107338.34,17.784,328.92
2023-11-22,107343.13,17.785,4.79
2023-11-23,107343.13,17.785,0
2023-11-24,107343.13,17.785,0
2023-11-25,107345.93,17.786,2.8
2023-11-26,107331.6,17.783,-14.33
2023-11-27,107331.6,17.783,0
2023-11-28,107394.72,17.794,63.12
2023-11-29,107394.72,17.794,0
2023-11-30,107394.72,17.794,0
2023-12-01,107394.72,17.794,0
2023-12-02,107399.74,17.795,5.02
2023-12-03,107399.74,17.795,0
2023-12-04,107399.74,17.795,0
2023-12-05,107426.92,17.799,27.18
2023-12-06,107426.92,17.799,0
2023-12-07,107426.92,17.799,0
2023-12-08,107426.92,17.799,0
2023-12-09,107427.47,17.799,0.55
2023-12-10,107427.47,17.799,0
2023-12-11,107427.47,17.799,0
2023-12-12,107428.28,17.799,0.81
2023-12-13,107428.28,17.799,0
2023-12-14,107428.28,17.799,0
2023-12-15,107499.68,17.811,71.4
2023-12-16,107499.68,17.811,0
2023-12-17,107499.68,17.811,0
2023-12-18,107499.68,17.811,0
2023-12-19,107493.89,17.81,-5.79
2023-12-20,107493.89,17.81,0
2023-12-21,107493.89,17.81,0
2023-12-22,107493.89,17.81,0
2023-12-23,107493.89,17.81,0
2023-12-24,107493.89,17.81,0
2023-12-25,107493.89,17.81,0
2023-12-26,107493.89,17.81,0
2023-12-27,107493.89,17.81,0
2023-12-28,107496.13,17.811,2.24
2023-12-29,107499.71,17.811,3.58
2023-12-30,107499.71,17.811,0
2023-12-31,107499.71,17.811,0
2024-01-01,107499.71,17.811,0
2024-01-02,107499.71,17.811,0
2024-01-03,107499.71,17.811,0
2024-01-04,107499.71,17.811,0
2024-01-05,107499.71,17.811,0
2024-01-06,107499.71,17.811,0
2024-01-07,107499.71,17.811,0
2024-01-08,107499.71,17.811,0
2024-01-09,107499.71,17.811,0
2024-01-10,107499.71,17.811,0
2024-01-11,107499.71,17.811,0
2024-01-12,107499.71,17.811,0
2024-01-13,107499.71,17.811,0
2024-01-14,107499.71,17.811,0
2024-01-15,107499.71,17.811,0
2024-01-16,107499.71,17.811,0
2024-01-17,107499.71,17.811,0
2024-01-18,107499.71,17.811,0
2024-01-19,107499.71,17.811,0
2024-01-20,107499.71,17.811,0
2024-01-21,107499.71,17.811,0
2024-01-22,107499.71,17.811,0
2024-01-23,107539.07,17.818,39.36
2024-01-24,107539.07,17.818,0
2024-01-25,107539.07,17.818,0
2024-01-26,107539.07,17.818,0
2024-01-27,107539.07,17.818,0
2024-01-28,107539.07,17.818,0
2024-01-29,107539.07,17.818,0
2024-01-30,107555.79,17.821,16.72
2024-01-31,107555.79,17.821,0
2024-02-01,107555.79,17.821,0
2024-02-02,107555.79,17.821,0
2024-02-03,107555.79,17.821,0
2024-02-04,107555.79,17.821,0
2024-02-05,107556.16,17.821,0.37
2024-02-06,107556.16,17.821,0
2024-02-07,107556.26,17.821,0.1
2024-02-08,107557.09,17.821,0.83
2024-02-09,107557.98,17.821,0.89
2024-02-10,107557.98,17.821,0
2024-02-11,107557.98,17.821,0
2024-02-12,107557.98,17.821,0
2024-02-13,107563.31,17.822,5.33
2024-02-14,107563.69,17.822,0.38
2024-02-15,107564.03,17.822,0.34
2024-02-16,107567.44,17.822,3.41
2024-02-17,107570.97,17.823,3.53
2024-02-18,107570.97,17.823,0
2024-02-19,107570.97,17.823,0
2024-02-20,107610.75,17.83,39.78
2024-02-21,107628.25,17.833,17.5
2024-02-22,107628.25,17.833,0
2024-02-23,107638.14,17.834,9.89
2024-02-24,107652.93,17.837,14.79
2024-02-25,107652.93,17.837,0
2024-02-26,107652.93,17.837,0
2024-02-27,107657.03,17.837,4.1
2024-02-28,107666.23,17.839,9.2
2024-02-29,107666.23,17.839,0
2024-03-01,107666.18,17.839,-0.05
2024-03-02,107666.18,17.839,0
2024-03-03,107666.18,17.839,0
2024-03-04,107666.18,17.839,0
2024-03-05,107666.18,17.839,0
2024-03-06,107666.18,17.839,0
2024-03-07,107681.92,17.841,15.74
2024-03-08,107681.92,17.841,0
2024-03-09,107681.92,17.841,0
2024-03-10,107681.92,17.841,0
2024-03-11,107681.92,17.841,0
2024-03-12,107681.92,17.841,0
2024-03-13,107700.82,17.845,18.9
2024-03-14,91081.87,15.091,-16618.95
2024-03-15,91081.87,15.091,0
2024-03-16,91081.87,15.091,0
2024-03-17,91081.87,15.091,0
2024-03-18,91081.87,15.091,0
2024-03-19,91081.87,15.091,0
2024-03-20,91081.87,15.091,0
2024-03-21,91081.87,15.091,0
2024-03-22,91118.66,15.097,36.79
2024-03-23,91117.36,15.097,-1.3
2024-03-24,91117.36,15.097,0
2024-03-25,91117.36,15.097,0
2024-03-26,91137.27,15.1,19.91
2024-03-27,91137.27,15.1,0
2024-03-28,91137.27,15.1,0
2024-03-29,91137.27,15.1,0
2024-03-30,91137.27,15.1,0
2024-03-31,91137.27,15.1,0
2024-04-01,91137.27,15.1,0
2024-04-02,91137.27,15.1,0
2024-04-03,91137.27,15.1,0
2024-04-04,91137.27,15.1,0
2024-04-05,91137.28,15.1,0.01
2024-04-06,91137.28,15.1,0
2024-04-07,91137.28,15.1,0
2024-04-08,91137.28,15.1,0
2024-04-09,91191.33,15.109,54.05
2024-04-10,91191.33,15.109,0
2024-04-11,91209.21,15.112,17.88
2024-04-12,91209.21,15.112,0
2024-04-13,91209.21,15.112,0
2024-04-14,91209.21,15.112,0
2024-04-15,91209.21,15.112,0
2024-04-16,91209.21,15.112,0
2024-04-17,91209.21,15.112,0
2024-04-18,91215.75,15.113,6.54
2024-04-19,91215.75,15.113,0
2024-04-20,91223.84,15.115,8.09
2024-04-21,91223.84,15.115,0
2024-04-22,91223.84,15.115,0
2024-04-23,91223.84,15.115,0
2024-04-24,91252.1,15.119,28.26
2024-04-25,91252.83,15.119,0.73
2024-04-26,91252.83,15.119,0
2024-04-27,91252.83,15.119,0
2024-04-28,91252.83,15.119,0
2024-04-29,91252.83,15.119,0
2024-04-30,91252.83,15.119,0
2024-05-01,91407.9,15.145,155.07
2024-05-02,91407.9,15.145,0
2024-05-03,91417.38,15.147,9.48
2024-05-04,91425.17,15.148,7.79
2024-05-05,91425.17,15.148,0
2024-05-06,91425.17,15.148,0
2024-05-07,91425.17,15.148,0
2024-05-08,91443.33,15.151,18.16
2024-05-09,91443.33,15.151,0
2024-05-10,91443.33,15.151,0
2024-05-11,91497.48,15.16,54.15
2024-05-12,91497.48,15.16,0
2024-05-13,91578.2,15.173,80.72
2024-05-14,91675.82,15.189,97.62
2024-05-15,91684.31,15.191,8.49
2024-05-16,91756.25,15.203,71.94
2024-05-17,91756.25,15.203,0
2024-05-18,91756.25,15.203,0
2024-05-19,91756.25,15.203,0
2024-05-20,91756.25,15.203,0
2024-05-21,91804.76,15.211,48.51
2024-05-22,91804.76,15.211,0
2024-05-23,91804.76,15.211,0
2024-05-24,91806.42,15.211,1.66
2024-05-25,91806.42,15.211,0
2024-05-26,91806.42,15.211,0
2024-05-27,91806.42,15.211,0
2024-05-28,91818.68,15.213,12.26
2024-05-29,91798.24,15.21,-20.44
2024-05-30,91798.24,15.21,0
2024-05-31,91798.24,15.21,0
2024-06-01,91798.24,15.21,0
2024-06-02,91798.24,15.21,0
2024-06-03,91798.24,15.21,0
2024-06-04,91798.24,15.21,0
2024-06-05,91808.61,15.211,10.37
2024-06-06,91808.61,15.211,0
2024-06-07,91808.61,15.211,0
2024-06-08,91808.61,15.211,0
2024-06-09,91808.61,15.211,0
2024-06-10,91808.61,15.211,0
2024-06-11,91808.61,15.211,0
2024-06-12,91808.62,15.211,0.01
2024-06-13,91808.62,15.211,0
2024-06-14,91894.04,15.226,85.42
2024-06-15,91850.21,15.218,-43.83
2024-06-16,91850.21,15.218,0
2024-06-17,91850.21,15.218,0
2024-06-18,91850.21,15.218,0
2024-06-19,91852.74,15.219,2.53
2024-06-20,91852.74,15.219,0
2024-06-21,91852.74,15.219,0
2024-06-22,91852.74,15.219,0
2024-06-23,91852.74,15.219,0
2024-06-24,91852.74,15.219,0
2024-06-25,91852.69,15.219,-0.05
2024-06-26,91852.69,15.219,0
2024-06-27,91852.69,15.219,0
2024-06-28,91852.69,15.219,0
2024-06-29,91852.69,15.219,0
2024-06-30,91852.69,15.219,0
2024-07-01,91852.69,15.219,0
2024-07-02,91852.69,15.219,0
2024-07-03,91852.69,15.219,0
2024-07-04,91852.69,15.219,0
2024-07-05,91852.69,15.219,0
2024-07-06,91974.59,15.239,121.9
2024-07-07,91974.59,15.239,0
2024-07-08,91974.59,15.239,0
2024-07-09,91974.59,15.239,0
2024-07-10,91985.64,15.241,11.05
2024-07-11,91985.64,15.241,0
2024-07-12,91985.64,15.241,0
2024-07-13,91985.64,15.241,0
2024-07-14,91985.64,15.241,0
2024-07-15,91985.64,15.241,0
2024-07-16,91985.64,15.241,0
2024-07-17,91985.64,15.241,0
2024-07-18,91985.64,15.241,0
2024-07-19,92062.97,15.254,77.33
2024-07-20,92062.97,15.254,0
2024-07-21,92062.97,15.254,0
2024-07-22,92062.97,15.254,0
2024-07-23,92162.83,15.27,99.86
2024-07-24,92229.49,15.281,66.66
2024-07-25,92334.67,15.299,105.18
2024-07-26,92334.67,15.299,0
2024-07-27,92343.1,15.3,8.43
2024-07-28,92377.65,15.306,34.55
2024-07-29,92377.65,15.306,0
2024-07-30,92377.65,15.306,0
2024-07-31,92391.51,15.308,13.86
2024-08-01,92405.9,15.31,14.39
2024-08-02,92405.9,15.31,0
2024-08-03,92417.42,15.312,11.52
2024-08-04,92417.42,15.312,0
2024-08-05,92417.42,15.312,0
2024-08-06,92417.42,15.312,0
2024-08-07,92430.4,15.314,12.98
2024-08-08,92437.06,15.316,6.66
2024-08-09,92468.19,15.321,31.13
2024-08-10,92468.2,15.321,0.01
2024-08-11,92468.2,15.321,0
2024-08-12,93095.37,15.425,627.17
2024-08-13,93095.37,15.425,0
2024-08-14,93333.26,15.464,237.89
2024-08-15,93495.32,15.491,162.06
2024-08-16,93574.08,15.504,78.76
2024-08-17,93643.43,15.515,69.35
2024-08-18,93643.43,15.515,0
2024-08-19,93738.88,15.531,95.45
2024-08-20,93738.88,15.531,0
2024-08-21,93751.49,15.533,12.61
2024-08-22,93771.06,15.537,19.57
2024-08-23,93805.74,15.542,34.68
2024-08-24,93817.56,15.544,11.82
2024-08-25,93817.56,15.544,0
2024-08-26,93817.56,15.544,0
2024-08-27,93847.86,15.549,30.3
2024-08-28,93854.85,15.55,6.99
2024-08-29,93881.89,15.555,27.04
2024-08-30,93935.91,15.564,54.02
2024-08-31,93961.13,15.568,25.22
2024-09-01,93961.13,15.568,0
2024-09-02,93961.13,15.568,0
2024-09-03,93961.13,15.568,0
2024-09-04,94048.23,15.583,87.1
2024-09-05,94048.23,15.583,0
2024-09-06,94048.23,15.583,0
2024-09-07,94048.23,15.583,0
2024-09-08,94048.23,15.583,0
2024-09-09,94048.23,15.583,0
2024-09-10,94048.23,15.583,0
2024-09-11,94195.98,15.607,147.75
2024-09-12,94195.98,15.607,0
2024-09-13,94117.48,15.594,-78.5
2024-09-14,94019.71,15.578,-97.77
2024-09-15,94019.71,15.578,0
2024-09-16,93994.67,15.574,-25.04
2024-09-17,94051.4,15.583,56.73
2024-09-18,94101.2,15.591,49.8
2024-09-19,94118.74,15.594,17.54
2024-09-20,94118.74,15.594,0
2024-09-21,94118.74,15.594,0
2024-09-22,94118.74,15.594,0
2024-09-23,94118.74,15.594,0
2024-09-24,94188.58,15.606,69.84
2024-09-25,94188.58,15.606,0
2024-09-26,94216.9,15.61,28.32
2024-09-27,94216.9,15.61,0
2024-09-28,94216.9,15.61,0
2024-09-29,94216.9,15.61,0
2024-09-30,94216.9,15.61,0
2024-10-01,94216.9,15.61,0
2024-10-02,94287.1,15.622,70.2
2024-10-03,94350.14,15.633,63.04
2024-10-04,94352.8,15.633,2.66
2024-10-05,94356.1,15.634,3.3
2024-10-06,94356.1,15.634,0
2024-10-07,94356.1,15.634,0
2024-10-08,94356.1,15.634,0
2024-10-09,94356.1,15.634,0
2024-10-10,94564.36,15.668,208.26
2024-10-11,94564.36,15.668,0
2024-10-12,94564.36,15.668,0
2024-10-13,94564.36,15.668,0
2024-10-14,94454.57,15.65,-109.79
2024-10-15,94449.56,15.649,-5.01
2024-10-16,94409.05,15.642,-40.51
2024-10-17,94441.66,15.648,32.61
2024-10-18,94441.66,15.648,0
2024-10-19,94486.29,15.655,44.63
2024-10-20,94486.29,15.655,0
2024-10-21,94486.29,15.655,0
2024-10-22,94505.48,15.658,19.19
2024-10-23,94492.22,15.656,-13.26
2024-10-24,94511.42,15.659,19.2
2024-10-25,94535.76,15.663,24.34
2024-10-26,94535.76,15.663,0
2024-10-27,94535.76,15.663,0
2024-10-28,94535.76,15.663,0
2024-10-29,94693.86,15.689,158.1
2024-10-30,94719.46,15.694,25.6
2024-10-31,94719.46,15.694,0
2024-11-01,94842.08,15.714,122.62
2024-11-02,94810.08,15.709,-32
2024-11-03,94810.08,15.709,0
2024-11-04,94810.08,15.709,0
2024-11-05,94924.92,15.728,114.84
2024-11-06,94924.92,15.728,0
2024-11-07,94982.63,15.737,57.71
2024-11-08,94982.63,15.737,0
2024-11-09,95067.71,15.751,85.08
2024-11-10,95067.71,15.751,0
2024-11-11,95067.71,15.751,0
2024-11-12,95067.71,15.751,0
2024-11-13,95105.32,15.758,37.61
2024-11-14,95148.93,15.765,43.61
2024-11-15,95148.93,15.765,0
2024-11-16,95204.8,15.774,55.87
2024-11-17,95204.8,15.774,0
2024-11-18,95208.92,15.775,4.12
2024-11-19,95208.92,15.775,0
2024-11-20,95215.02,15.776,6.1
2024-11-21,95233.68,15.779,18.66
2024-11-22,95233.68,15.779,0
2024-11-23,95333.34,15.795,99.66
2024-11-24,95333.34,15.795,0
2024-11-25,95333.34,15.795,0
2024-11-26,95333.34,15.795,0
2024-11-27,95465,15.817,131.66
2024-11-28,95484.29,15.82,19.29
2024-11-29,95484.29,15.82,0
2024-11-30,95493.21,15.822,8.92
2024-12-01,95493.21,15.822,0
2024-12-02,95514.2,15.825,20.99
2024-12-03,95554.66,15.832,40.46
2024-12-04,95554.66,15.832,0
2024-12-05,95561.5,15.833,6.84
2024-12-06,95561.5,15.833,0
2024-12-07,95613.11,15.842,51.61
2024-12-08,95613.11,15.842,0
2024-12-09,95613.11,15.842,0
2024-12-10,95613.11,15.842,0
2024-12-11,95547.85,15.831,-65.26
2024-12-12,95557.14,15.833,9.29
2024-12-13,95570.28,15.835,13.14
2024-12-14,95570.28,15.835,0
2024-12-15,95570.28,15.835,0
2024-12-16,95550.93,15.831,-19.35
2024-12-17,95550.93,15.831,0
2024-12-18,95503.63,15.824,-47.3
2024-12-19,95560.44,15.833,56.81
2024-12-20,95560.44,15.833,0
2024-12-21,95564.56,15.834,4.12
2024-12-22,95564.56,15.834,0
2024-12-23,95672.67,15.852,108.11
2024-12-24,95672.67,15.852,0
2024-12-25,95648.62,15.848,-24.05
2024-12-26,95680.42,15.853,31.8
2024-12-27,95706.67,15.857,26.25
2024-12-28,95706.67,15.857,0
2024-12-29,95707.75,15.857,1.08
2024-12-30,95707.75,15.857,0
2024-12-31,95707.75,15.857,0
2025-01-01,95707.75,15.857,0
2025-01-02,95707.75,15.857,0
2025-01-03,95757.34,15.866,49.59
2025-01-04,95736.32,15.862,-21.02
2025-01-05,95736.32,15.862,0
2025-01-06,95853.29,15.882,116.97
2025-01-07,95853.29,15.882,0
2025-01-08,95857.37,15.882,4.08
2025-01-09,95896.06,15.889,38.69
2025-01-10,95871.88,15.885,-24.18
2025-01-11,95871.88,15.885,0
2025-01-12,95871.88,15.885,0
2025-01-13,95871.88,15.885,0
2025-01-14,95897.62,15.889,25.74
2025-01-15,95921.89,15.893,24.27
2025-01-16,95921.89,15.893,0
2025-01-17,95926.57,15.894,4.68
2025-01-18,95912.97,15.891,-13.6
2025-01-19,95912.97,15.891,0
2025-01-20,95912.97,15.891,0
2025-01-21,95948.73,15.897,35.76
2025-01-22,95948.82,15.897,0.09
2025-01-23,95994.52,15.905,45.7
2025-01-24,95994.52,15.905,0
2025-01-25,95994.52,15.905,0
2025-01-26,95994.52,15.905,0
2025-01-27,95994.52,15.905,0
2025-01-28,96057.03,15.915,62.51
2025-01-29,96057.25,15.915,0.22
2025-01-30,96057.25,15.915,0
2025-01-31,96064.84,15.917,7.59
2025-02-01,96137.1,15.929,72.26
2025-02-02,96137.1,15.929,0
2025-02-03,96137.1,15.929,0
2025-02-04,96137.1,15.929,0
2025-02-05,96151.58,15.931,14.48
2025-02-06,96178.49,15.935,26.91
2025-02-07,96178.49,15.935,0
2025-02-08,96199.31,15.939,20.82
2025-02-09,96199.31,15.939,0
2025-02-10,96199.31,15.939,0
2025-02-11,96214.34,15.941,15.03
2025-02-12,96213.7,15.941,-0.64
2025-02-13,96219.08,15.942,5.38
2025-02-14,96219.08,15.942,0
2025-02-15,96227.93,15.944,8.85
2025-02-16,96227.93,15.944,0
2025-02-17,96227.93,15.944,0
2025-02-18,96227.93,15.944,0
2025-02-19,96264.62,15.95,36.69
2025-02-20,96264.62,15.95,0
2025-02-21,96264.62,15.95,0
2025-02-22,96267.33,15.95,2.71
2025-02-23,96267.33,15.95,0
2025-02-24,96267.33,15.95,0
2025-02-25,96267.33,15.95,0
2025-02-26,96267.31,15.95,-0.02
2025-02-27,96267.31,15.95,0
2025-02-28,96267.31,15.95,0
2025-03-01,96234.41,15.945,-32.9
2025-03-02,96234.41,15.945,0
2025-03-03,96234.41,15.945,0
2025-03-04,96234.41,15.945,0
2025-03-05,96250.29,15.947,15.88
2025-03-06,96253.54,15.948,3.25
2025-03-07,96253.54,15.948,0
2025-03-08,96255.31,15.948,1.77
2025-03-09,96264.01,15.95,8.7
2025-03-10,96265.61,15.95,1.6
2025-03-11,96265.61,15.95,0
2025-03-12,96020.19,15.909,-245.42
2025-03-13,95934.79,15.895,-85.4
2025-03-14,95942.95,15.896,8.16
2025-03-15,95941.87,15.896,-1.08
2025-03-16,95941.87,15.896,0
2025-03-17,95913.86,15.892,-28.01
2025-03-18,95913.86,15.892,0
2025-03-19,95931.43,15.895,17.57
2025-03-20,95931.43,15.895,0
2025-03-21,95931.43,15.895,0
2025-03-22,95984.44,15.903,53.01
2025-03-23,95984.44,15.903,0
2025-03-24,95984.44,15.903,0
2025-03-25,95990.72,15.904,6.28
2025-03-26,95990.72,15.904,0
2025-03-27,95990.72,15.904,0
2025-03-28,95986.65,15.904,-4.07
2025-03-29,95986.65,15.904,0
2025-03-30,95986.65,15.904,0
2025-03-31,95986.65,15.904,0
2025-04-01,95986.65,15.904,0
2025-04-02,95986.65,15.904,0
2025-04-03,95986.65,15.904,0
2025-04-04,96002.5,15.906,15.85
2025-04-05,96002.5,15.906,0
2025-04-06,96002.5,15.906,0
2025-04-07,96002.5,15.906,0
2025-04-08,95994.39,15.905,-8.11
2025-04-09,95994.39,15.905,0
2025-04-10,96037.6,15.912,43.21
2025-04-11,96031.73,15.911,-5.87
2025-04-12,96031.73,15.911,0
2025-04-13,96031.73,15.911,0
2025-04-14,96031.73,15.911,0
2025-04-15,96050.39,15.914,18.66
2025-04-16,96050.39,15.914,0
2025-04-17,96066.04,15.917,15.65
2025-04-18,96066.04,15.917,0
2025-04-19,96066.04,15.917,0
2025-04-20,96066.04,15.917,0
2025-04-21,96066.04,15.917,0
2025-04-22,96066.04,15.917,0
2025-04-23,96092.34,15.921,26.3
2025-04-24,96034.19,15.912,-58.15
2025-04-25,96046.81,15.914,12.62
2025-04-26,96046.81,15.914,0
2025-04-27,96046.81,15.914,0
2025-04-28,96046.81,15.914,0
2025-04-29,96077.94,15.919,31.13
2025-04-30,96077.94,15.919,0
2025-05-01,96090.51,15.921,12.57
2025-05-02,96090.51,15.921,0
2025-05-03,96117.34,15.925,26.83
2025-05-04,96117.34,15.925,0
2025-05-05,96117.34,15.925,0
2025-05-06,96201.1,15.939,83.76
2025-05-07,96201.1,15.939,0
2025-05-08,96201.1,15.939,0
2025-05-09,96201.1,15.939,0
2025-05-10,96201.1,15.939,0
2025-05-11,96201.1,15.939,0
2025-05-12,96201.1,15.939,0
2025-05-13,96201.1,15.939,0
2025-05-14,96201.1,15.939,0
2025-05-15,96262.86,15.949,61.76
2025-05-16,96262.86,15.949,0
2025-05-17,96262.86,15.949,0
2025-05-18,96262.86,15.949,0
2025-05-19,96262.86,15.949,0
2025-05-20,96443.22,15.979,180.36
2025-05-21,96443.22,15.979,0
2025-05-22,96443.22,15.979,0
2025-05-23,96443.22,15.979,0
2025-05-24,96443.22,15.979,0
2025-05-25,96443.22,15.979,0
2025-05-26,96518.89,15.992,75.67
2025-05-27,96518.89,15.992,0
2025-05-28,96518.89,15.992,0
2025-05-29,96518.89,15.992,0
2025-05-30,96518.89,15.992,0
2025-05-31,96518.89,15.992,0
2025-06-01,96518.89,15.992,0
2025-06-02,96650.3,16.014,131.41
2025-06-03,96667.17,16.016,16.87
2025-06-04,96681.09,16.019,13.92
2025-06-05,96681.09,16.019,0
2025-06-06,96755.78,16.031,74.69
2025-06-07,96785.45,16.036,29.67
2025-06-08,96882.34,16.052,96.89
2025-06-09,96882.34,16.052,0
2025-06-10,96961.87,16.065,79.53
2025-06-11,97054.18,16.081,92.31
2025-06-12,97054.18,16.081,0
2025-06-13,97080.68,16.085,26.5
2025-06-14,97091.85,16.087,11.17
2025-06-15,97091.85,16.087,0
2025-06-16,97091.85,16.087,0
2025-06-17,97091.85,16.087,0
2025-06-18,97167.99,16.099,76.14
2025-06-19,97184.21,16.102,16.22
2025-06-20,97184.21,16.102,0
2025-06-21,97208.24,16.106,24.03
2025-06-22,97231.85,16.11,23.61
2025-06-23,97231.85,16.11,0
2025-06-24,97231.85,16.11,0
2025-06-25,97231.93,16.11,0.08
2025-06-26,97231.93,16.11,0
2025-06-27,97333.65,16.127,101.72
2025-06-28,97333.65,16.127,0
2025-06-29,97393.08,16.137,59.43
2025-06-30,97393.08,16.137,0
2025-07-01,97393.08,16.137,0
2025-07-02,97383.02,16.135,-10.06
2025-07-03,97396.55,16.137,13.53
2025-07-04,97396.55,16.137,0
2025-07-05,97396.55,16.137,0
2025-07-06,97396.55,16.137,0
2025-07-07,97396.55,16.137,0
2025-07-08,97602.82,16.171,206.27
2025-07-09,97611.36,16.173,8.54
2025-07-10,97574.34,16.167,-37.02
2025-07-11,97574.34,16.167,0
2025-07-12,97574.34,16.167,0
2025-07-13,97576.83,16.167,2.49
2025-07-14,97576.83,16.167,0
2025-07-15,97576.83,16.167,0
2025-07-16,97576.83,16.167,0
2025-07-17,97576.47,16.167,-0.36
2025-07-18,97614.54,16.173,38.07
2025-07-19,97614.54,16.173,0
2025-07-20,97614.54,16.173,0
2025-07-21,97614.54,16.173,0
2025-07-22,97696.73,16.187,82.19
2025-07-23,97712.89,16.19,16.16
2025-07-24,97712.89,16.19,0
2025-07-25,97712.89,16.19,0
2025-07-26,97712.89,16.19,0
2025-07-27,97712.89,16.19,0
2025-07-28,97712.89,16.19,0
2025-07-29,97795.29,16.203,82.4
2025-07-30,97795.29,16.203,0
2025-07-31,97795.29,16.203,0
2025-08-01,97826.22,16.208,30.93
2025-08-02,97826.22,16.208,0
2025-08-03,97826.22,16.208,0
2025-08-04,97826.22,16.208,0
2025-08-05,97826.22,16.208,0
2025-08-06,97826.22,16.208,0
2025-08-07,97907.4,16.222,81.18
2025-08-08,97907.4,16.222,0
2025-08-09,97907.4,16.222,0
2025-08-10,97907.4,16.222,0
2025-08-11,97907.4,16.222,0
2025-08-12,97907.4,16.222,0
2025-08-13,97994.1,16.236,86.7
2025-08-14,98019.71,16.241,25.61
2025-08-15,98052.92,16.246,33.21
2025-08-16,98052.92,16.246,0
2025-08-17,98106.21,16.255,53.29
2025-08-18,98106.21,16.255,0
2025-08-19,98109.59,16.255,3.38
2025-08-20,98125.06,16.258,15.47
2025-08-21,98216.19,16.273,91.13
2025-08-22,98214.13,16.273,-2.06
2025-08-23,98214.13,16.273,0
2025-08-24,98214.13,16.273,0
2025-08-25,98214.13,16.273,0
2025-08-26,98214.13,16.273,0
2025-08-27,98214.13,16.273,0
2025-08-28,98275.88,16.283,61.75
2025-08-29,98275.88,16.283,0
2025-08-30,98311.52,16.289,35.64
2025-08-31,98311.52,16.289,0
2025-09-01,98311.52,16.289,0
2025-09-02,98306.12,16.288,-5.4
2025-09-03,98197.62,16.27,-108.5
2025-09-04,98201.32,16.271,3.7
2025-09-05,98226.01,16.275,24.69
2025-09-06,98267.05,16.282,41.04
2025-09-07,98267.05,16.282,0
2025-09-08,98267.05,16.282,0
2025-09-09,98267.05,16.282,0
2025-09-10,98328.92,16.292,61.87
2025-09-11,98330.09,16.292,1.17
2025-09-12,98330.09,16.292,0
2025-09-13,98361.72,16.297,31.63
2025-09-14,98361.72,16.297,0
2025-09-15,98361.72,16.297,0
2025-09-16,98383.59,16.301,21.87
2025-09-17,98429.57,16.308,45.98
2025-09-18,98429.57,16.308,0
2025-09-19,98487.3,16.318,57.73
2025-09-20,98487.3,16.318,0
2025-09-21,98487.3,16.318,0
2025-09-22,98487.3,16.318,0
2025-09-23,98586.9,16.335,99.6
2025-09-24,98586.9,16.335,0
2025-09-25,98625.95,16.341,39.05
2025-09-26,98625.95,16.341,0
2025-09-27,98625.95,16.341,0
2025-09-28,98625.95,16.341,0
2025-09-29,98625.95,16.341,0
2025-09-30,98625.95,16.341,0
2025-10-01,98695.31,16.352,69.36
2025-10-02,98695.31,16.352,0
2025-10-03,98695.31,16.352,0
2025-10-04,98789.38,16.368,94.07
2025-10-05,98815.95,16.372,26.57
2025-10-06,98815.95,16.372,0
2025-10-07,98821.97,16.373,6.02
2025-10-08,98824.31,16.374,2.34
2025-10-09,98824.31,16.374,0
2025-10-10,98884.48,16.384,60.17
2025-10-11,98757.43,16.363,-127.05
2025-10-12,98757.43,16.363,0
2025-10-13,98757.43,16.363,0
2025-10-14,98757.43,16.363,0
2025-10-15,98809.7,16.371,52.27
2025-10-16,98809.7,16.371,0
2025-10-17,98841.78,16.377,32.08
2025-10-18,98838.74,16.376,-3.04
2025-10-19,98838.74,16.376,0
2025-10-20,98838.74,16.376,0
2025-10-21,98891.89,16.385,53.15
2025-10-22,98798.32,16.37,-93.57
2025-10-23,98798.32,16.37,0
2025-10-24,98798.32,16.37,0
2025-10-25,98814.29,16.372,15.97
2025-10-26,98814.29,16.372,0
2025-10-27,98814.29,16.372,0
2025-10-28,98907.81,16.388,93.52
2025-10-29,98907.81,16.388,0
2025-10-30,98932.47,16.392,24.66
2025-10-31,98976.97,16.399,44.5
2025-11-01,98982.94,16.4,5.97
2025-11-02,98982.94,16.4,0
2025-11-03,98982.94,16.4,0
2025-11-04,99053.34,16.412,70.4
2025-11-05,99056.88,16.412,3.54
2025-11-06,99056.88,16.412,0
2025-11-07,98938.63,16.393,-118.25
2025-11-08,98978.76,16.399,40.13
2025-11-09,98978.76,16.399,0
2025-11-10,98978.76,16.399,0
2025-11-11,98978.76,16.399,0
2025-11-12,99078.34,16.416,99.58
2025-11-13,99105.01,16.42,26.67
2025-11-14,99105.01,16.42,0
2025-11-15,99105.01,16.42,0
2025-11-16,99105.01,16.42,0
2025-11-17,99105.01,16.42,0
2025-11-18,99105.01,16.42,0
2025-11-19,99250.63,16.444,145.62
2025-11-20,99386.87,16.467,136.24
2025-11-21,99392.53,16.468,5.66
2025-11-22,99463.71,16.48,71.18
2025-11-23,99463.71,16.48,0
2025-11-24,99463.71,16.48,0
2025-11-25,99481.61,16.483,17.9
2025-11-26,99481.61,16.483,0
2025-11-27,99561.12,16.496,79.51
2025-11-28,99561.12,16.496,0
2025-11-29,99561.12,16.496,0
2025-11-30,99561.12,16.496,0
2025-12-01,99561.12,16.496,0
2025-12-02,99553.73,16.495,-7.39
2025-12-03,99553.73,16.495,0
2025-12-04,99567.87,16.497,14.14
2025-12-05,99605.94,16.503,38.07
2025-12-06,99633.16,16.508,27.22
2025-12-07,99633.16,16.508,0
2025-12-08,99633.16,16.508,0
2025-12-09,99633.16,16.508,0
2025-12-10,99633.16,16.508,0
2025-12-11,99656.61,16.512,23.45
2025-12-12,99703.26,16.519,46.65
2025-12-13,99703.26,16.519,0
2025-12-14,99703.26,16.519,0
2025-12-15,99703.26,16.519,0
2025-12-16,99662.8,16.513,-40.46
2025-12-17,99662.8,16.513,0
2025-12-18,99662.8,16.513,0
2025-12-19,99715.11,16.521,52.31
2025-12-20,99715.11,16.521,0
2025-12-21,99715.11,16.521,0
2025-12-22,99732.8,16.524,17.69
2025-12-23,99742.67,16.526,9.87
2025-12-24,99742.67,16.526,0
2025-12-25,99753.99,16.528,11.32
2025-12-26,99753.99,16.528,0
2025-12-27,99753.99,16.528,0
2025-12-28,99855.16,16.545,101.17
2025-12-29,99855.16,16.545,0
2025-12-30,99855.16,16.545,0
2025-12-31,99855.16,16.545,0
2026-01-01,99855.16,16.545,0
2026-01-02,99855.16,16.545,0
2026-01-03,99875.27,16.548,20.11
2026-01-04,99875.27,16.548,0
2026-01-05,99875.27,16.548,0
2026-01-06,99857.43,16.545,-17.84
2026-01-07,99857.43,16.545,0
2026-01-08,99797.82,16.535,-59.61
2026-01-09,99797.82,16.535,0
2026-01-10,99797.82,16.535,0
2026-01-11,99797.82,16.535,0
2026-01-12,99797.82,16.535,0
2026-01-13,99797.82,16.535,0
2026-01-14,99940.72,16.559,142.9
2026-01-15,99940.72,16.559,0
2026-01-16,99940.72,16.559,0
2026-01-17,99940.72,16.559,0
2026-01-18,99940.72,16.559,0
2026-01-19,99940.72,16.559,0
2026-01-20,99953.51,16.561,12.79
2026-01-21,99970.29,16.564,16.78
2026-01-22,99970.29,16.564,0
2026-01-23,99970.29,16.564,0
2026-01-24,99970.29,16.564,0
2026-01-25,99970.29,16.564,0
2026-01-26,99970.29,16.564,0
2026-01-27,100072.15,16.581,101.86
2026-01-28,100070.08,16.58,-2.07
2026-01-29,100070.08,16.58,0
2026-01-30,100070.08,16.58,0
2026-01-31,100070.08,16.58,0
2026-02-01,100070.08,16.58,0
2026-02-02,100070.08,16.58,0
2026-02-03,100070.08,16.58,0
2026-02-04,100131.36,16.59,61.28
2026-02-05,100131.36,16.59,0
2026-02-06,100235.87,16.608,104.51
2026-02-07,100235.87,16.608,0
2026-02-08,100235.87,16.608,0
2026-02-09,100235.87,16.608,0
2026-02-10,100235.87,16.608,0
2026-02-11,100235.87,16.608,0
2026-02-12,100235.87,16.608,0
2026-02-13,100228.65,16.607,-7.22
2026-02-14,100228.65,16.607,0
2026-02-15,100228.65,16.607,0
2026-02-16,100228.65,16.607,0
2026-02-17,100093.43,16.584,-135.22
2026-02-18,100093.43,16.584,0
2026-02-19,100093.43,16.584,0
2026-02-20,100093.43,16.584,0
2026-02-21,100135,16.591,41.57
2026-02-22,100135,16.591,0
2026-02-23,100135,16.591,0
2026-02-24,100078.35,16.582,-56.65
2026-02-25,100078.35,16.582,0
2026-02-26,100078.35,16.582,0
2026-02-27,100078.35,16.582,0
2026-02-28,100078.35,16.582,0
2026-03-01,100078.35,16.582,0
2026-03-02,100078.35,16.582,0
2026-03-03,100078.35,16.582,0
2026-03-04,100078.35,16.582,0
2026-03-05,100078.35,16.582,0
2026-03-06,100078.35,16.582,0
2026-03-07,100144.87,16.593,66.52
2026-03-08,100144.87,16.593,0
2026-03-09,100164.68,16.596,19.81
2026-03-10,100118.72,16.588,-45.96
2026-03-11,100118.72,16.588,0
2026-03-12,100148.59,16.593,29.87
2026-03-13,100148.59,16.593,0
2026-03-14,100148.59,16.593,0
2026-03-15,100148.59,16.593,0
2026-03-16,100148.59,16.593,0
2026-03-17,100148.59,16.593,0
2026-03-18,100012.13,16.571,-136.46
2026-03-19,100012.13,16.571,0
2026-03-20,100012.13,16.571,0
2026-03-21,100012.13,16.571,0
2026-03-22,100012.13,16.571,0
2026-03-23,100012.13,16.571,0
2026-03-24,100004.83,16.569,-7.3
2026-03-25,100004.83,16.569,0
2026-03-26,100004.83,16.569,0
2026-03-27,100004.83,16.569,0
2026-03-28,100004.83,16.569,0
2026-03-29,100004.83,16.569,0
2026-03-30,100004.83,16.569,0
2026-03-31,100004.83,16.569,0
2026-04-01,100004.83,16.569,0
2026-04-02,100067.67,16.58,62.84
2026-04-03,100060.94,16.579,-6.73
2026-04-04,100060.94,16.579,0
2026-04-05,100060.94,16.579,0
2026-04-06,100060.94,16.579,0
2026-04-07,100060.94,16.579,0
2026-04-08,100060.94,16.579,0
2026-04-09,100060.94,16.579,0
2026-04-10,100060.94,16.579,0
2026-04-11,100060.94,16.579,0
2026-04-12,100060.94,16.579,0
2026-04-13,100060.94,16.579,0
2026-04-14,100060.94,16.579,0
2026-04-15,100064.53,16.579,3.59
2026-04-16,100064.53,16.579,0
2026-04-17,100064.53,16.579,0
2026-04-18,100064.53,16.579,0
2026-04-19,100064.53,16.579,0
2026-04-20,100064.53,16.579,0
2026-04-21,100064.53,16.579,0
2026-04-22,100064.53,16.579,0
2026-04-23,100064.53,16.579,0
2026-04-24,100064.53,16.579,0
2026-04-25,100064.53,16.579,0
2026-04-26,100064.53,16.579,0
2026-04-27,100064.53,16.579,0
2026-04-28,100064.53,16.579,0
2026-04-29,100171.42,16.597,106.89
2026-04-30,100308.78,16.62,137.36
2026-05-01,100308.78,16.62,0
2026-05-02,100336.5,16.624,27.72
2026-05-03,100336.5,16.624,0
2026-05-04,100336.5,16.624,0
2026-05-05,100254.11,16.611,-82.39
2026-05-06,100287.64,16.616,33.53
2026-05-07,100287.64,16.616,0
2026-05-08,100287.64,16.616,0
2026-05-09,100287.64,16.616,0
2026-05-10,100287.64,16.616,0
2026-05-11,100287.64,16.616,0
2026-05-12,100287.64,16.616,0
2026-05-13,100287.64,16.616,0
2026-05-14,100287.64,16.616,0
2026-05-15,100287.64,16.616,0
2026-05-16,100287.64,16.616,0
2026-05-17,100287.64,16.616,0
2026-05-18,100311.46,16.62,23.82
2026-05-19,100311.46,16.62,0
2026-05-20,100311.46,16.62,0
2026-05-21,100311.46,16.62,0
2026-05-22,100449.71,16.643,138.25
2026-05-23,100449.71,16.643,0
2026-05-24,100449.71,16.643,0
2026-05-25,100449.71,16.643,0
2026-05-26,100449.71,16.643,0
2026-05-27,100448.79,16.643,-0.92
2026-05-28,100473.23,16.647,24.44
2026-05-29,100473.23,16.647,0
2026-05-30,100473.23,16.647,0
2026-05-31,100473.23,16.647,0
2026-06-01,100486.84,16.649,13.61
2026-06-02,100486.84,16.649,0
2026-06-03,100501.23,16.652,14.39
2026-06-04,100501.23,16.652,0
2026-06-05,100501.23,16.652,0
2026-06-06,100501.23,16.652,0
2026-06-07,100501.23,16.652,0
2026-06-08,100501.23,16.652,0
2026-06-09,100501.23,16.652,0
2026-06-10,100501.23,16.652,0
2026-06-11,100500.21,16.652,-1.02
2026-06-12,100500.21,16.652,0
2026-06-13,100628.64,16.673,128.43
2026-06-14,100628.64,16.673,0
2026-06-15,100628.64,16.673,0
2026-06-16,100641.54,16.675,12.9
2026-06-17,100562,16.662,-79.54
2026-06-18,100562,16.662,0
2026-06-19,100571.04,16.663,9.04
2026-06-20,100571.04,16.663,0
2026-06-21,100571.04,16.663,0
2026-06-22,100571.04,16.663,0
2026-06-23,100571.04,16.663,0
2026-06-24,100626.3,16.672,55.26
2026-06-25,100626.3,16.672,0
2026-06-26,100679.98,16.681,53.68
2026-06-27,100679.98,16.681,0
2026-06-28,100679.98,16.681,0
2026-06-29,100736.14,16.691,56.16
2026-06-30,100736.14,16.691,0
2026-07-01,100785.79,16.699,49.65
2026-07-02,100842.03,16.708,56.24
2026-07-03,100910.9,16.72,68.87
2026-07-04,100910.9,16.72,0
2026-07-05,100910.9,16.72,0
2026-07-06,100910.9,16.72,0
2026-07-07,100910.9,16.72,0
2026-07-08,100904.64,16.719,-6.26
2026-07-09,100907.05,16.719,2.41
2026-07-10,100905.42,16.719,-1.63
2026-07-11,100883.59,16.715,-21.83
2026-07-12,100883.59,16.715,0
2026-07-13,100883.59,16.715,0
2026-07-14,100883.59,16.715,0
2026-07-15,101017.83,16.737,134.24
2026-07-16,101022.5,16.738,4.67
2026-07-17,101033.31,16.74,10.81
2026-07-18,101033.31,16.74,0
2026-07-19,101055.05,16.743,21.74
2026-07-20,101055.05,16.743,0
2026-07-21,101055.05,16.743,0
2026-07-22,101055.05,16.743,0
2026-07-23,101055.05,16.743,0
2026-07-24,101055.05,16.743,0
2026-07-25,101055.05,16.743,0
2026-07-26,101055.05,16.743,0
2026-07-27,101055.05,16.743,0
2026-07-28,101055.05,16.743,0
2026-07-29,101030.52,16.739,-24.53
2026-07-30,101056.67,16.744,26.15
2026-07-31,101056.67,16.744,0
2026-08-01,101056.67,16.744,0
2026-08-02,101056.67,16.744,0
2026-08-03,101056.67,16.744,0
2026-08-04,101056.67,16.744,0
2026-08-05,101056.67,16.744,0
2026-08-06,101056.67,16.744,0
2026-08-07,101056.67,16.744,0
2026-08-08,101118.6,16.754,61.93
2026-08-09,101118.6,16.754,0
2026-08-10,101118.6,16.754,0
2026-08-11,101118.6,16.754,0
2026-08-12,101131.75,16.756,13.15
2026-08-13,101178.02,16.764,46.27
2026-08-14,101189.12,16.766,11.1
2026-08-15,101189.12,16.766,0
2026-08-16,101189.12,16.766,0
2026-08-17,101189.12,16.766,0
2026-08-18,101207.21,16.769,18.09
2026-08-19,101011.47,16.736,-195.74
2026-08-20,101011.47,16.736,0
2026-08-21,101011.47,16.736,0
2026-08-22,101011.47,16.736,0
2026-08-23,101011.47,16.736,0
2026-08-24,101011.47,16.736,0
2026-08-25,101011.47,16.736,0
2026-08-26,101011.47,16.736,0
2026-08-27,101011.47,16.736,0
2026-08-28,101011.47,16.736,0
2026-08-29,101011.47,16.736,0
2026-08-30,101011.47,16.736,0
2026-08-31,101011.47,16.736,0
2026-09-01,101011.47,16.736,0
2026-09-02,101011.47,16.736,0
