month,period_start,period_end,loss_observation_days,reported_personnel_losses,russian_gained_cells,ukrainian_liberated_cells,changed_cell_events,unique_changed_cells,russian_gained_km2,ukrainian_liberated_km2,gross_changed_km2,reported_personnel_per_changed_km2,reported_personnel_per_100km2,allocated_reported_personnel,interpolated_transition_events
2022-02,2022-02-24,2022-02-28,5,5710,727,11,738,727,72700,1100,73800,0.077371,7.74,5710,372
2022-03,2022-03-01,2022-03-31,31,11990,617,639,1256,957,61700,63900,125600,0.095462,9.55,11990,1109
2022-04,2022-04-01,2022-04-30,30,5800,144,100,244,231,14400,10000,24400,0.237705,23.77,5800,167
2022-05,2022-05-01,2022-05-31,31,7200,47,10,57,56,4700,1000,5700,1.263158,126.32,7200,31
2022-06,2022-06-01,2022-06-30,30,5050,22,5,27,27,2200,500,2700,1.87037,187.04,5050,8
2022-07,2022-07-01,2022-07-31,31,5280,4,1,5,5,400,100,500,10.56,1056,5280,5
2022-08,2022-08-01,2022-08-31,31,7320,3,18,21,21,300,1800,2100,3.485714,348.57,7320,21
2022-09,2022-09-01,2022-09-30,30,11260,5,90,95,95,500,9000,9500,1.185263,118.53,11260,49
2022-10,2022-10-01,2022-10-31,31,12860,2,47,49,49,200,4700,4900,2.62449,262.45,12860,17
2022-11,2022-11-01,2022-11-30,30,16970,1,19,20,20,100,1900,2000,8.485,848.5,16970,20
2022-12,2022-12-01,2022-12-31,31,17280,2,13,15,15,200,1300,1500,11.52,1152,17280,14
2023-01,2023-01-01,2023-01-31,31,21700,6,0,6,6,600,0,600,36.166667,3616.67,21700,6
2023-02,2023-02-01,2023-02-28,28,21470,0,1,1,1,0,100,100,214.7,21470,21470,1
2023-03,2023-03-01,2023-03-31,31,24100,0,1,1,1,0,100,100,241,24100,24100,1
2023-04,2023-04-01,2023-04-30,30,16970,0,1,1,1,0,100,100,169.7,16970,16970,1
2023-05,2023-05-01,2023-05-31,31,17410,0,0,0,0,0,0,0,,,,0
2023-06,2023-06-01,2023-06-30,30,20500,1,0,1,1,100,0,100,205,20500,20500,1
2023-07,2023-07-01,2023-07-31,31,17820,1,0,1,1,100,0,100,178.2,17820,17820,1
2023-08,2023-08-01,2023-08-31,31,16800,0,0,0,0,0,0,0,,,,0
2023-09,2023-09-01,2023-09-30,30,15080,0,0,0,0,0,0,0,,,,0
2023-10,2023-10-01,2023-10-31,31,22920,0,0,0,0,0,0,0,,,,0
2023-11,2023-11-01,2023-11-30,30,28550,1,0,1,1,100,0,100,285.5,28550,28550,1
2023-12,2023-12-01,2023-12-31,31,29970,2,1,3,3,200,100,300,99.9,9990,29970,3
2024-01,2024-01-01,2024-01-31,31,26220,4,0,4,4,400,0,400,65.55,6555,26220,4
2024-02,2024-02-01,2024-02-29,29,28450,3,0,3,3,300,0,300,94.833333,9483.33,28450,3
2024-03,2024-03-01,2024-03-31,31,28200,0,0,0,0,0,0,0,,,,0
2024-04,2024-04-01,2024-04-30,30,26960,0,1,1,1,0,100,100,269.6,26960,26960,1
2024-05,2024-05-01,2024-05-31,31,38940,2,0,2,2,200,0,200,194.7,19470,38940,2
2024-06,2024-06-01,2024-06-30,30,35030,0,1,1,1,0,100,100,350.3,35030,35030,1
2024-07,2024-07-01,2024-07-31,31,35680,1,1,2,2,100,100,200,178.4,17840,35680,1
2024-08,2024-08-01,2024-08-31,31,36810,5,0,5,5,500,0,500,73.62,7362,36810,0
2024-09,2024-09-01,2024-09-30,30,38130,4,0,4,4,400,0,400,95.325,9532.5,38130,0
2024-10,2024-10-01,2024-10-31,31,41980,4,0,4,4,400,0,400,104.95,10495,41980,0
2024-11,2024-11-01,2024-11-30,30,45720,6,0,6,6,600,0,600,76.2,7620,45720,0
2024-12,2024-12-01,2024-12-31,31,48670,6,0,6,6,600,0,600,81.116667,8111.67,48670,0
2025-01,2025-01-01,2025-01-31,31,48240,2,0,2,2,200,0,200,241.2,24120,48240,0
2025-02,2025-02-01,2025-02-28,28,36570,1,1,2,2,100,100,200,182.85,18285,36570,0
2025-03,2025-03-01,2025-03-31,31,41160,2,0,2,2,200,0,200,205.8,20580,41160,0
2025-04,2025-04-01,2025-04-30,30,36420,4,0,4,4,400,0,400,91.05,9105,36420,0
2025-05,2025-05-01,2025-05-31,31,35370,3,0,3,3,300,0,300,117.9,11790,35370,0
2025-06,2025-06-01,2025-06-30,30,32420,6,0,6,6,600,0,600,54.033333,5403.33,32420,0
2025-07,2025-07-01,2025-07-31,31,33220,4,0,4,4,400,0,400,83.05,8305,33220,0
2025-08,2025-08-01,2025-08-31,31,28790,8,0,8,8,800,0,800,35.9875,3598.75,28790,0
2025-09,2025-09-01,2025-09-30,30,28490,1,0,1,1,100,0,100,284.9,28490,28490,0
2025-10,2025-10-01,2025-10-31,31,31250,2,1,3,3,200,100,300,104.166667,10416.67,31250,0
2025-11,2025-11-01,2025-11-30,30,31190,3,0,3,3,300,0,300,103.966667,10396.67,31190,0
2025-12,2025-12-01,2025-12-31,31,35050,6,0,6,6,600,0,600,58.416667,5841.67,35050,0
2026-01,2026-01-01,2026-01-31,31,31710,3,0,3,3,300,0,300,105.7,10570,31710,0
2026-02,2026-02-01,2026-02-28,28,26090,1,2,3,3,100,200,300,86.966667,8696.67,26090,0
2026-03,2026-03-01,2026-03-31,31,31960,0,0,0,0,0,0,0,,,,0
2026-04,2026-04-01,2026-04-30,30,32980,2,0,2,2,200,0,200,164.9,16490,32980,2
2026-05,2026-05-01,2026-05-31,31,33760,0,1,1,1,0,100,100,337.6,33760,33760,0
2026-06,2026-06-01,2026-06-30,30,39290,2,0,2,2,200,0,200,196.45,19645,39290,1
2026-07,2026-07-01,2026-07-31,31,42860,2,0,2,2,200,0,200,214.3,21430,42860,2
2026-08,2026-08-01,2026-08-31,31,42020,2,1,3,3,200,100,300,140.066667,14006.67,42020,1
2026-09,2026-09-01,2026-09-18,18,26790,1,1,2,2,100,100,200,133.95,13395,26790,1
