date,usd_uah,eur_uah,rub_uah
2022-01-01,27.2782,30.9226,0.36397
2022-01-02,27.2782,30.9226,0.36397
2022-01-03,27.2782,30.9226,0.36397
2022-01-04,27.2782,30.9226,0.36397
2022-01-05,27.2976,30.7739,0.36241
2022-01-06,27.4551,31.0421,0.36238
2022-01-07,27.4551,31.0421,0.36238
2022-01-08,27.4551,31.0421,0.36238
2022-01-09,27.4551,31.0421,0.36238
2022-01-10,27.4977,31.1095,0.36024
2022-01-11,27.4998,31.116,0.36633
2022-01-12,27.5093,31.1722,0.36711
2022-01-13,27.7073,31.4796,0.37182
2022-01-14,27.7372,31.7813,0.36696
2022-01-15,27.7372,31.7813,0.36696
2022-01-16,27.7372,31.7813,0.36696
2022-01-17,27.9514,31.989,0.36434
2022-01-18,28.122,32.0577,0.36681
2022-01-19,28.4101,32.3406,0.37159
2022-01-20,28.4038,32.1943,0.37322
2022-01-21,28.3236,32.1147,0.36959
2022-01-22,28.3236,32.1147,0.36959
2022-01-23,28.3236,32.1147,0.36959
2022-01-24,28.3181,32.1099,0.37084
2022-01-25,28.3749,32.0594,0.35895
2022-01-26,28.6658,32.3021,0.36403
2022-01-27,28.7984,32.4803,0.36404
2022-01-28,28.9879,32.3432,0.37148
2022-01-29,28.9879,32.3432,0.37148
2022-01-30,28.9879,32.3432,0.37148
2022-01-31,28.7839,32.0293,0.37128
2022-02-01,28.4555,31.7464,0.36659
2022-02-02,28.318,31.8875,0.36948
2022-02-03,28.3876,32.1419,0.37435
2022-02-04,28.2701,31.9198,0.37077
2022-02-05,28.2701,31.9198,0.37077
2022-02-06,28.2701,31.9198,0.37077
2022-02-07,28.1468,32.2745,0.36983
2022-02-08,27.9998,32.0724,0.3711
2022-02-09,27.9619,31.9255,0.37181
2022-02-10,27.9795,31.996,0.37429
2022-02-11,27.8756,31.8785,0.37487
2022-02-12,27.8756,31.8785,0.37487
2022-02-13,27.8756,31.8785,0.37487
2022-02-14,28.0346,31.9777,0.37284
2022-02-15,28.5355,32.3264,0.37371
2022-02-16,28.2424,32.0283,0.37497
2022-02-17,28.0943,31.932,0.37435
2022-02-18,28.3,32.1969,0.37401
2022-02-19,28.3,32.1969,0.37401
2022-02-20,28.3,32.1969,0.37401
2022-02-21,28.3428,32.196,0.37379
2022-02-22,28.4846,32.2887,0.36252
2022-02-23,28.9877,32.9039,0.36645
2022-02-24,29.2549,33.1707,0.36448
2022-02-25,29.2549,33.1707,0.36448
2022-02-26,29.2549,33.1707,0.36448
2022-02-27,29.2549,33.1707,0.36448
2022-02-28,29.2549,33.1707,0.36448
2022-03-01,29.2549,33.1707,0.36448
2022-03-02,29.2549,33.1707,0.36448
2022-03-03,29.2549,33.1707,0.36448
2022-03-04,29.2549,33.1707,0.36448
2022-03-05,29.2549,33.1707,0.36448
2022-03-06,29.2549,33.1707,0.36448
2022-03-07,29.2549,33.1707,0.36448
2022-03-08,29.2549,33.1707,0.36448
2022-03-09,29.2549,33.1707,0.36448
2022-03-10,29.2549,33.1707,0.36448
2022-03-11,29.2549,33.1707,0.36448
2022-03-12,29.2549,33.1707,0.36448
2022-03-13,29.2549,33.1707,0.36448
2022-03-14,29.2549,33.1707,0.36448
2022-03-15,29.2549,33.1707,0.36448
2022-03-16,29.2549,33.1707,0.36448
2022-03-17,29.2549,33.1707,0.36448
2022-03-18,29.2549,33.1707,0.36448
2022-03-19,29.2549,33.1707,0.36448
2022-03-20,29.2549,33.1707,0.36448
2022-03-21,29.2549,33.1707,0.36448
2022-03-22,29.2549,33.1707,0.36448
2022-03-23,29.2549,32.2345,0.2832
2022-03-24,29.2549,32.138,0.29457
2022-03-25,29.2549,32.1233,0.29799
2022-03-26,29.2549,32.1233,0.29799
2022-03-27,29.2549,32.1233,0.29799
2022-03-28,29.2549,32.1936,0.29666
2022-03-29,29.2549,32.0707,0.29808
2022-03-30,29.2549,32.4217,0.34712
2022-03-31,29.2549,32.5856,0.35149
2022-04-01,29.2549,32.4773,0.35613
2022-04-02,29.2549,32.4773,0.35613
2022-04-03,29.2549,32.4773,0.35613
2022-04-04,29.2549,32.3281,0.35213
2022-04-05,29.2549,32.176,0.34775
2022-04-06,29.2549,32.0795,0.34979
2022-04-07,29.2549,31.9361,0.35112
2022-04-08,29.2549,31.9244,0.36681
2022-04-09,29.2549,31.9244,0.36681
2022-04-10,29.2549,31.9244,0.36681
2022-04-11,29.2549,31.7796,0.37819
2022-04-12,29.2549,31.8952,0.35974
2022-04-13,29.2549,31.7752,0.34874
2022-04-14,29.2549,31.6874,0.35753
2022-04-15,29.2549,31.7957,0.35367
2022-04-16,29.2549,31.7957,0.35367
2022-04-17,29.2549,31.7957,0.35367
2022-04-18,29.2549,31.8235,0.35989
2022-04-19,29.2549,31.6216,0.36195
2022-04-20,29.2549,31.5792,0.36886
2022-04-21,29.2549,31.6787,0.35362
2022-04-22,29.2549,31.8264,0.36611
2022-04-23,29.2549,31.8264,0.36611
2022-04-24,29.2549,31.8264,0.36611
2022-04-25,29.2549,31.6567,0.3808
2022-04-26,29.2549,31.4476,0.39175
2022-04-27,29.2549,31.2223,0.39361
2022-04-28,29.2549,30.9663,0.39352
2022-04-29,29.2549,30.6869,0.40756
2022-04-30,29.2549,30.6869,0.40756
2022-05-01,29.2549,30.6869,0.40756
2022-05-02,29.2549,30.8478,0.41135
2022-05-03,29.2549,30.7659,0.41161
2022-05-04,29.2549,30.8288,0.42181
2022-05-05,29.2549,30.801,0.4434
2022-05-06,29.2549,30.8595,0.4608
2022-05-07,29.2549,30.8595,0.4608
2022-05-08,29.2549,30.8595,0.4608
2022-05-09,29.2549,30.9063,0.43021
2022-05-10,29.2549,30.861,0.41619
2022-05-11,29.2549,30.8727,0.42011
2022-05-12,29.2549,30.8537,0.42775
2022-05-13,29.2549,30.4178,0.45076
2022-05-14,29.2549,30.4178,0.45076
2022-05-15,29.2549,30.4178,0.45076
2022-05-16,29.2549,30.3768,0.44952
2022-05-17,29.2549,30.4792,0.45523
2022-05-18,29.2549,30.842,0.44918
2022-05-19,29.2549,30.7454,0.45663
2022-05-20,29.2549,30.7688,0.47073
2022-05-21,29.2549,30.7688,0.47073
2022-05-22,29.2549,30.7688,0.47073
2022-05-23,29.2549,30.918,0.4836
2022-05-24,29.2549,31.1784,0.50546
2022-05-25,29.2549,31.3437,0.52195
2022-05-26,29.2549,31.1813,0.50328
2022-05-27,29.2549,31.3159,0.46099
2022-05-28,29.2549,31.3159,0.46099
2022-05-29,29.2549,31.3159,0.46099
2022-05-30,29.2549,31.3203,0.44529
2022-05-31,29.2549,31.5031,0.46209
2022-06-01,29.2549,31.3364,0.46665
2022-06-02,29.2549,31.3247,0.46768
2022-06-03,29.2549,31.2808,0.47108
2022-06-04,29.2549,31.2808,0.47108
2022-06-05,29.2549,31.2808,0.47108
2022-06-06,29.2549,31.3876,0.4686
2022-06-07,29.2549,31.389,0.47546
2022-06-08,29.2549,31.1901,0.47717
2022-06-09,29.2549,31.411,0.48555
2022-06-10,29.2549,31.3934,0.50479
2022-06-11,29.2549,31.3934,0.50479
2022-06-12,29.2549,31.3934,0.50479
2022-06-13,29.2549,30.9327,0.50447
2022-06-14,29.2549,30.5626,0.51156
2022-06-15,29.2549,30.567,0.51264
2022-06-16,29.2549,30.5962,0.518
2022-06-17,29.2549,30.3885,0.51315
2022-06-18,29.2549,30.3885,0.51315
2022-06-19,29.2549,30.3885,0.51315
2022-06-20,29.2549,30.6899,0.51759
2022-06-21,29.2549,30.7952,0.52761
2022-06-22,29.2549,30.861,0.53894
2022-06-23,29.2549,30.7542,0.55023
2022-06-24,29.2549,30.7337,0.54242
2022-06-25,29.2549,30.7337,0.54242
2022-06-26,29.2549,30.7337,0.54242
2022-06-27,29.2549,30.7674,0.54268
2022-06-28,29.2549,30.9122,0.53898
2022-06-29,29.2549,30.9151,0.54897
2022-06-30,29.2549,30.7776,0.55594
2022-07-01,29.2549,30.4017,0.54254
2022-07-02,29.2549,30.4017,0.54254
2022-07-03,29.2549,30.4017,0.54254
2022-07-04,29.2549,30.526,0.53116
2022-07-05,29.2549,30.5816,0.52386
2022-07-06,29.2549,30.1135,0.47937
2022-07-07,29.2549,29.8122,0.46299
2022-07-08,29.2549,29.8107,0.46124
2022-07-09,29.2549,29.8107,0.46124
2022-07-10,29.2549,29.8107,0.46124
2022-07-11,29.2549,29.701,0.46707
2022-07-12,29.2549,29.5109,0.47122
2022-07-13,29.2549,29.3675,0.4937
2022-07-14,29.2549,29.4494,0.49428
2022-07-15,29.2549,29.2754,0.49548
2022-07-16,29.2549,29.2754,0.49548
2022-07-17,29.2549,29.2754,0.49548
2022-07-18,29.2549,29.4173,0.50266
2022-07-19,29.2549,29.6645,0.51292
2022-07-20,29.2549,29.998,0.52436
2022-07-21,36.5686,29.8064,0.53041
2022-07-22,36.5686,37.2689,0.6313
2022-07-23,36.5686,37.2689,0.6313
2022-07-24,36.5686,37.2689,0.6313
2022-07-25,36.5686,37.2177,0.62358
2022-07-26,36.5686,37.4115,0.63084
2022-07-27,36.5686,37.0568,0.61209
2022-07-28,36.5686,37.1244,0.60447
2022-07-29,36.5686,36.9965,0.60292
2022-07-30,36.5686,36.9965,0.60292
2022-07-31,36.5686,36.9965,0.60292
2022-08-01,36.5686,37.3365,0.58372
2022-08-02,36.5686,37.4133,0.58832
2022-08-03,36.5686,37.3804,0.60704
2022-08-04,36.5686,37.2488,0.59724
2022-08-05,36.5686,37.2104,0.60244
2022-08-06,36.5686,37.2104,0.60244
2022-08-07,36.5686,37.2104,0.60244
2022-08-08,36.5686,37.417,0.60026
2022-08-09,36.5686,37.2963,0.60475
2022-08-10,36.5686,37.3804,0.59844
2022-08-11,36.5686,37.5102,0.60013
2022-08-12,36.5686,37.7516,0.59996
2022-08-13,36.5686,37.7516,0.59996
2022-08-14,36.5686,37.7516,0.59996
2022-08-15,36.5686,37.5943,0.59736
2022-08-16,36.5686,37.2817,0.59291
2022-08-17,36.5686,37.033,0.59773
2022-08-18,36.5686,37.1738,0.60162
2022-08-19,36.5686,37.2177,0.61239
2022-08-20,36.5686,37.2177,0.61239
2022-08-21,36.5686,37.2177,0.61239
2022-08-22,36.5686,36.7441,0.61982
2022-08-23,36.5686,36.5686,0.61324
2022-08-24,36.5686,36.298,0.61017
2022-08-25,36.5686,36.3053,0.60888
2022-08-26,36.5686,36.4808,0.60901
2022-08-27,36.5686,36.4808,0.60901
2022-08-28,36.5686,36.4808,0.60901
2022-08-29,36.5686,36.5467,0.60918
2022-08-30,36.5686,36.554,0.59972
2022-08-31,36.5686,36.6564,0.59973
2022-09-01,36.5686,36.5704,0.60394
2022-09-02,36.5686,36.5832,0.60508
2022-09-03,36.5686,36.5832,0.60508
2022-09-04,36.5686,36.5832,0.60508
2022-09-05,36.5686,36.5339,0.60298
2022-09-06,36.5686,36.2614,0.60019
2022-09-07,36.5686,36.287,0.59746
2022-09-08,36.5686,36.1371,0.59786
2022-09-09,36.5686,36.6491,0.60134
2022-09-10,36.5686,36.6491,0.60134
2022-09-11,36.5686,36.6491,0.60134
2022-09-12,36.5686,36.7112,0.60492
2022-09-13,36.5686,37.097,0.60797
2022-09-14,36.5686,37.2159,0.60881
2022-09-15,36.5686,36.543,0.61382
2022-09-16,36.5686,36.5137,0.61066
2022-09-17,36.5686,36.5137,0.61066
2022-09-18,36.5686,36.5137,0.61066
2022-09-19,36.5686,36.4607,0.60527
2022-09-20,36.5686,36.5064,0.60709
2022-09-21,36.5686,36.5247,0.60772
2022-09-22,36.5686,36.2084,0.5993
2022-09-23,36.5686,36.0768,0.61345
2022-09-24,36.5686,36.0768,0.61345
2022-09-25,36.5686,36.0768,0.61345
2022-09-26,36.5686,35.6654,0.63067
2022-09-27,36.5686,35.2375,0.63001
2022-09-28,36.5686,35.2576,0.62728
2022-09-29,36.5686,34.9742,0.62497
2022-09-30,36.5686,35.5611,0.63087
2022-10-01,36.5686,35.5611,0.63087
2022-10-02,36.5686,35.5611,0.63087
2022-10-03,36.5686,35.6361,0.6141
2022-10-04,36.5686,35.7074,0.62117
2022-10-05,36.5686,36.1682,0.61646
2022-10-06,36.5686,36.2157,0.60683
2022-10-07,36.5686,36.0768,0.59986
2022-10-08,36.5686,36.0768,0.59986
2022-10-09,36.5686,36.0768,0.59986
2022-10-10,36.5686,35.797,0.5898
2022-10-11,36.5686,35.4587,0.58155
2022-10-12,36.5686,35.5465,0.57123
2022-10-13,36.5686,35.5026,0.566
2022-10-14,36.5686,35.6306,0.57821
2022-10-15,36.5686,35.6306,0.57821
2022-10-16,36.5686,35.6306,0.57821
2022-10-17,36.5686,35.5337,0.57787
2022-10-18,36.5686,35.6196,0.58779
2022-10-19,36.5686,35.9451,0.59124
2022-10-20,36.5686,35.7623,0.59264
2022-10-21,36.5686,35.8866,0.59599
2022-10-22,36.5686,35.8866,0.59599
2022-10-23,36.5686,35.8866,0.59599
2022-10-24,36.5686,35.6379,0.59574
2022-10-25,36.5686,35.9579,0.59574
2022-10-26,36.5686,36.0804,0.58936
2022-10-27,36.5686,36.6417,0.59293
2022-10-28,36.5686,36.7386,0.59373
2022-10-29,36.5686,36.7386,0.59373
2022-10-30,36.5686,36.7386,0.59373
2022-10-31,36.5686,36.4095,0.59296
2022-11-01,36.5686,36.2377,0.5934
2022-11-02,36.5686,36.3474,0.59489
2022-11-03,36.5686,36.2194,0.59321
2022-11-04,36.5686,35.6288,0.58739
2022-11-05,36.5686,35.6288,0.58739
2022-11-06,36.5686,35.6288,0.58739
2022-11-07,36.5686,35.9817,0.58824
2022-11-08,36.5686,36.5083,0.59523
2022-11-09,36.5686,36.5375,0.59918
2022-11-10,36.5686,36.7496,0.59739
2022-11-11,36.5686,36.3821,0.59416
2022-11-12,36.5686,36.3821,0.59416
2022-11-13,36.5686,36.3821,0.59416
2022-11-14,36.5686,37.7022,0.60388
2022-11-15,36.5686,37.7626,0.60353
2022-11-16,36.5686,38.0588,0.60592
2022-11-17,36.5686,38.0935,0.60671
2022-11-18,36.5686,37.7681,0.60436
2022-11-19,36.5686,37.7681,0.60436
2022-11-20,36.5686,37.7681,0.60436
2022-11-21,36.5686,37.8906,0.60806
2022-11-22,36.5686,37.4481,0.59993
2022-11-23,36.5686,37.5541,0.60211
2022-11-24,36.5686,37.7461,0.60098
2022-11-25,36.5686,38.0716,0.603
2022-11-26,36.5686,38.0716,0.603
2022-11-27,36.5686,38.0716,0.603
2022-11-28,36.5686,37.96,0.60232
2022-11-29,36.5686,38.302,0.6014
2022-11-30,36.5686,37.9344,0.60094
2022-12-01,36.5686,37.9198,0.60005
2022-12-02,36.5686,38.205,0.59687
2022-12-03,36.5686,38.205,0.59687
2022-12-04,36.5686,38.205,0.59687
2022-12-05,36.5686,38.5396,0.58994
2022-12-06,36.5686,38.7353,0.58707
2022-12-07,36.5686,38.4866,0.57972
2022-12-08,36.5686,38.5232,0.58001
2022-12-09,36.5686,38.4629,0.58227
2022-12-10,36.5686,38.4629,0.58227
2022-12-11,36.5686,38.4629,0.58227
2022-12-12,36.5686,38.6,0.58409
2022-12-13,36.5686,38.6,0.58087
2022-12-14,36.5686,38.578,0.5761
2022-12-15,36.5686,38.9273,0.5741
2022-12-16,36.5686,38.8541,0.56359
2022-12-17,36.5686,38.8541,0.56359
2022-12-18,36.5686,38.8541,0.56359
2022-12-19,36.5686,38.8377,0.56377
2022-12-20,36.5686,38.7865,0.53986
2022-12-21,36.5686,38.8121,0.52608
2022-12-22,36.5686,38.8706,0.51293
2022-12-23,36.5686,38.8962,0.50976
2022-12-24,36.5686,38.8962,0.50976
2022-12-25,36.5686,38.8962,0.50976
2022-12-26,36.5686,38.834,0.52673
2022-12-27,36.5686,38.8432,0.53248
2022-12-28,36.5686,38.8852,0.51871
2022-12-29,36.5686,38.9437,0.50761
2022-12-30,36.5686,38.951,0.50708
2022-12-31,36.5686,38.951,0.50708
2023-01-01,36.5686,38.951,0.50708
2023-01-02,36.5686,39.037,0.50133
2023-01-03,36.5686,39.0041,0.5199
2023-01-04,36.5686,38.5378,0.50039
2023-01-05,36.5686,38.7901,0.50231
2023-01-06,36.5686,38.7773,0.50335
2023-01-07,36.5686,38.7773,0.50335
2023-01-08,36.5686,38.7773,0.50335
2023-01-09,36.5686,38.3733,0.50517
2023-01-10,36.5686,39.0827,0.52381
2023-01-11,36.5686,39.1961,0.52632
2023-01-12,36.5686,39.2728,0.53336
2023-01-13,36.5686,39.357,0.53817
2023-01-14,36.5686,39.357,0.53817
2023-01-15,36.5686,39.357,0.53817
2023-01-16,36.5686,39.5361,0.53508
2023-01-17,36.5686,39.5581,0.53422
2023-01-18,36.5686,39.6897,0.52886
2023-01-19,36.5686,39.5873,0.53223
2023-01-20,36.5686,39.5215,0.52689
2023-01-21,36.5686,39.5215,0.52689
2023-01-22,36.5686,39.5215,0.52689
2023-01-23,36.5686,39.5581,0.53139
2023-01-24,36.5686,39.7519,0.53122
2023-01-25,36.5686,39.7226,0.53095
2023-01-26,36.5686,39.7629,0.5283
2023-01-27,36.5686,39.8433,0.52898
2023-01-28,36.5686,39.8433,0.52898
2023-01-29,36.5686,39.8433,0.52898
2023-01-30,36.5686,39.7482,0.52662
2023-01-31,36.5686,39.8762,0.52053
2023-02-01,36.5686,39.5947,0.51754
2023-02-02,36.5686,39.8323,0.52196
2023-02-03,36.5686,40.1724,0.52165
2023-02-04,36.5686,40.1724,0.52165
2023-02-05,36.5686,40.1724,0.52165
2023-02-06,36.5686,39.9859,0.51834
2023-02-07,36.5686,39.4045,0.51635
2023-02-08,36.5686,39.1485,0.51364
2023-02-09,36.5686,39.2564,0.50482
2023-02-10,36.5686,39.3826,0.50117
2023-02-11,36.5686,39.3826,0.50117
2023-02-12,36.5686,39.3826,0.50117
2023-02-13,36.5686,39.0644,0.49923
2023-02-14,36.5686,39.0973,0.49782
2023-02-15,36.5686,39.3405,0.49818
2023-02-16,36.5686,39.1229,0.49159
2023-02-17,36.5686,39.1046,0.48869
2023-02-18,36.5686,39.1046,0.48869
2023-02-19,36.5686,39.1046,0.48869
2023-02-20,36.5686,38.8377,0.49266
2023-02-21,36.5686,39.0242,0.49176
2023-02-22,36.5686,38.984,0.48488
2023-02-23,36.5686,38.9328,0.48821
2023-02-24,36.5686,38.8231,0.48555
2023-02-25,36.5686,38.8231,0.48555
2023-02-26,36.5686,38.8231,0.48555
2023-02-27,36.5686,38.6402,0.47956
2023-02-28,36.5686,38.611,0.48571
2023-03-01,36.5686,38.8231,0.48756
2023-03-02,36.5686,39.0754,0.48615
2023-03-03,36.5686,38.7847,0.48363
2023-03-04,36.5686,38.7847,0.48363
2023-03-05,36.5686,38.7847,0.48363
2023-03-06,36.5686,38.8048,0.48459
2023-03-07,36.5686,38.9126,0.48396
2023-03-08,36.5686,39.0132,0.48299
2023-03-09,36.5686,38.5671,0.47993
2023-03-10,36.5686,38.6201,0.48238
2023-03-11,36.5686,38.6201,0.48238
2023-03-12,36.5686,38.6201,0.48238
2023-03-13,36.5686,38.7426,0.48071
2023-03-14,36.5686,39.1046,0.48589
2023-03-15,36.5686,39.2728,0.48529
2023-03-16,36.5686,38.6183,0.48113
2023-03-17,36.5686,38.717,0.47854
2023-03-18,36.5686,38.717,0.47854
2023-03-19,36.5686,38.717,0.47854
2023-03-20,36.5686,38.8523,0.47528
2023-03-21,36.5686,39.1485,0.47572
2023-03-22,36.5686,39.4228,0.47556
2023-03-23,36.5686,39.4264,0.47464
2023-03-24,36.5686,39.7665,0.48063
2023-03-25,36.5686,39.7665,0.48063
2023-03-26,36.5686,39.7665,0.48063
2023-03-27,36.5686,39.3076,0.4766
2023-03-28,36.5686,39.3899,0.47719
2023-03-29,36.5686,39.6111,0.47703
2023-03-30,36.5686,39.6989,0.47337
2023-03-31,36.5686,39.7812,0.47363
2023-04-01,36.5686,39.7812,0.47363
2023-04-02,36.5686,39.7812,0.47363
2023-04-03,36.5686,39.7373,0.47125
2023-04-04,36.5686,39.761,0.46801
2023-04-05,36.5686,39.8653,0.46027
2023-04-06,36.5686,40.0152,0.45988
2023-04-07,36.5686,39.9146,0.45126
2023-04-08,36.5686,39.9146,0.45126
2023-04-09,36.5686,39.9146,0.45126
2023-04-10,36.5686,39.9146,0.4533
2023-04-11,36.5686,39.825,0.44559
2023-04-12,36.5686,39.8835,0.44527
2023-04-13,36.5686,39.9421,0.44409
2023-04-14,36.5686,40.2639,0.44749
2023-04-15,36.5686,40.2639,0.44749
2023-04-16,36.5686,40.2639,0.44749
2023-04-17,36.5686,40.4174,0.44803
2023-04-18,36.5686,40.1432,0.44819
2023-04-19,36.5686,40.1066,0.44816
2023-04-20,36.5686,39.9677,0.44673
2023-04-21,36.5686,40.0664,0.44764
2023-04-22,36.5686,40.0664,0.44764
2023-04-23,36.5686,40.0664,0.44764
2023-04-24,36.5686,40.1505,0.44957
2023-04-25,36.5686,40.2291,0.44983
2023-04-26,36.5686,40.2858,0.44806
2023-04-27,36.5686,40.3918,0.44709
2023-04-28,36.5686,40.3461,0.44848
2023-04-29,36.5686,40.3461,0.44848
2023-04-30,36.5686,40.3461,0.44848
2023-05-01,36.5686,40.1322,0.46041
2023-05-02,36.5686,40.2693,0.45582
2023-05-03,36.5686,40.1066,0.45791
2023-05-04,36.5686,40.3699,0.46042
2023-05-05,36.5686,40.4942,0.46562
2023-05-06,36.5686,40.4942,0.46562
2023-05-07,36.5686,40.4942,0.46562
2023-05-08,36.5686,40.2602,0.47339
2023-05-09,36.5686,40.348,0.47557
2023-05-10,36.5686,40.0883,0.47201
2023-05-11,36.5686,40.0444,0.48061
2023-05-12,36.5686,39.9713,0.47839
2023-05-13,36.5686,39.9713,0.47839
2023-05-14,36.5686,39.9713,0.47839
2023-05-15,36.5686,39.8287,0.46844
2023-05-16,36.5686,39.7702,0.46008
2023-05-17,36.5686,39.8104,0.45717
2023-05-18,36.5686,39.5947,0.45239
2023-05-19,36.5686,39.5471,0.45745
2023-05-20,36.5686,39.5471,0.45745
2023-05-21,36.5686,39.5471,0.45745
2023-05-22,36.5686,39.5179,0.45676
2023-05-23,36.5686,39.5691,0.45687
2023-05-24,36.5686,39.3972,0.45612
2023-05-25,36.5686,39.41,0.45697
2023-05-26,36.5686,39.2436,0.45683
2023-05-27,36.5686,39.2436,0.45683
2023-05-28,36.5686,39.2436,0.45683
2023-05-29,36.5686,39.3167,0.45723
2023-05-30,36.5686,39.1759,0.45683
2023-05-31,36.5686,39.2802,0.45236
2023-06-01,36.5686,39.0553,0.45081
2023-06-02,36.5686,39.1522,0.45064
2023-06-03,36.5686,39.1522,0.45064
2023-06-04,36.5686,39.1522,0.45064
2023-06-05,36.5686,39.346,0.45069
2023-06-06,36.5686,39.0937,0.45002
2023-06-07,36.5686,39.0516,0.44957
2023-06-08,36.5686,39.1851,0.44763
2023-06-09,36.5686,39.2619,0.44575
2023-06-10,36.5686,39.2619,0.44575
2023-06-11,36.5686,39.2619,0.44575
2023-06-12,36.5686,39.4082,0.44316
2023-06-13,36.5686,39.357,0.44023
2023-06-14,36.5686,39.4721,0.43628
2023-06-15,36.5686,39.5069,0.4341
2023-06-16,36.5686,39.5691,0.43715
2023-06-17,36.5686,39.5691,0.43715
2023-06-18,36.5686,39.5691,0.43715
2023-06-19,36.5686,40.081,0.43689
2023-06-20,36.5686,39.9384,0.43416
2023-06-21,36.5686,39.964,0.43328
2023-06-22,36.5686,39.9494,0.43344
2023-06-23,36.5686,40.1852,0.43683
2023-06-24,36.5686,40.1852,0.43683
2023-06-25,36.5686,40.1852,0.43683
2023-06-26,36.5686,39.7738,0.43339
2023-06-27,36.5686,39.9238,0.43388
2023-06-28,36.5686,40.0225,0.43077
2023-06-29,36.5686,40.0042,0.42596
2023-06-30,36.5686,40.0006,0.42034
2023-07-01,36.5686,40.0006,0.42034
2023-07-02,36.5686,40.0006,0.42034
2023-07-03,36.5686,39.6952,0.41342
2023-07-04,36.5686,39.8543,0.40868
2023-07-05,36.5686,39.8543,0.40744
2023-07-06,36.5686,39.7848,0.40357
2023-07-07,36.5686,39.8433,0.40019
2023-07-08,36.5686,39.8433,0.40019
2023-07-09,36.5686,39.8433,0.40019
2023-07-10,36.5686,39.8214,0.40033
2023-07-11,36.5686,40.0627,0.40027
2023-07-12,36.5686,40.167,0.40523
2023-07-13,36.5686,40.2803,0.40303
2023-07-14,36.5686,40.8581,0.40538
2023-07-15,36.5686,40.8581,0.40538
2023-07-16,36.5686,40.8581,0.40538
2023-07-17,36.5686,41.0483,0.40523
2023-07-18,36.5686,41.0812,0.40476
2023-07-19,36.5686,41.1506,0.40331
2023-07-20,36.5686,41.0117,0.40173
2023-07-21,36.5686,40.9897,0.40465
2023-07-22,36.5686,40.9897,0.40465
2023-07-23,36.5686,40.9897,0.40465
2023-07-24,36.5686,40.6643,0.40494
2023-07-25,36.5686,40.5838,0.40393
2023-07-26,36.5686,40.4046,0.40478
2023-07-27,36.5686,40.4558,0.40625
2023-07-28,36.5686,40.7228,0.40492
2023-07-29,36.5686,40.7228,0.40492
2023-07-30,36.5686,40.7228,0.40492
2023-07-31,36.5686,40.2584,0.40128
2023-08-01,36.5686,40.3242,0.39947
2023-08-02,36.5686,40.134,0.39846
2023-08-03,36.5686,40.145,0.3927
2023-08-04,36.5686,39.9914,0.38935
2023-08-05,36.5686,39.9914,0.38935
2023-08-06,36.5686,39.9914,0.38935
2023-08-07,36.5686,40.0024,0.3844
2023-08-08,36.5686,40.1633,0.38101
2023-08-09,36.5686,40.0134,0.37951
2023-08-10,36.5686,40.1194,0.37641
2023-08-11,36.5686,40.284,0.37497
2023-08-12,36.5686,40.284,0.37497
2023-08-13,36.5686,40.284,0.37497
2023-08-14,36.5686,40.2145,0.37096
2023-08-15,36.5686,40.006,0.36156
2023-08-16,36.5686,39.9658,0.36982
2023-08-17,36.5686,39.911,0.37845
2023-08-18,36.5686,39.8415,0.39294
2023-08-19,36.5686,39.8415,0.39294
2023-08-20,36.5686,39.8415,0.39294
2023-08-21,36.5686,39.7245,0.39107
2023-08-22,36.5686,39.889,0.38647
2023-08-23,36.5686,39.8086,0.38792
2023-08-24,36.5686,39.5343,0.38647
2023-08-25,36.5686,39.655,0.387
2023-08-26,36.5686,39.655,0.387
2023-08-27,36.5686,39.655,0.387
2023-08-28,36.5686,39.5051,0.38592
2023-08-29,36.5686,39.516,0.38342
2023-08-30,36.5686,39.516,0.38138
2023-08-31,36.5686,39.7903,0.3805
2023-09-01,36.5686,39.7391,0.37943
2023-09-02,36.5686,39.7391,0.37943
2023-09-03,36.5686,39.7391,0.37943
2023-09-04,36.5686,39.6221,0.37912
2023-09-05,36.5686,39.4977,0.37801
2023-09-06,36.5686,39.2527,0.37504
2023-09-07,36.5686,39.2856,0.37368
2023-09-08,36.5686,39.1467,0.37309
2023-09-09,36.5686,39.1467,0.37309
2023-09-10,36.5686,39.1467,0.37309
2023-09-11,36.5686,39.1247,0.37307
2023-09-12,36.5686,39.1979,0.37919
2023-09-13,36.5686,39.1906,0.38696
2023-09-14,36.5686,39.2674,0.38077
2023-09-15,36.5686,39.2381,0.38165
2023-09-16,36.5686,39.2381,0.38165
2023-09-17,36.5686,39.2381,0.38165
2023-09-18,36.5686,38.9602,0.37965
2023-09-19,36.5686,38.9931,0.37849
2023-09-20,36.5686,39.154,0.38032
2023-09-21,36.5686,39.1394,0.3783
2023-09-22,36.5686,38.8944,0.38166
2023-09-23,36.5686,38.8944,0.38166
2023-09-24,36.5686,38.8944,0.38166
2023-09-25,36.5686,38.898,0.38018
2023-09-26,36.5686,38.8724,0.37967
2023-09-27,36.5686,38.7609,0.38006
2023-09-28,36.5686,38.5506,0.37818
2023-09-29,36.5686,38.5543,0.37693
2023-09-30,36.5686,38.5543,0.37693
2023-10-01,36.5686,38.5543,0.37693
2023-10-02,36.5686,38.7408,0.37526
2023-10-03,36.5686,38.5177,0.37042
2023-10-04,36.5901,38.3263,0.36802
2023-10-05,36.6023,38.4288,0.36772
2023-10-06,36.6216,38.5406,0.36676
2023-10-07,36.6216,38.5406,0.36676
2023-10-08,36.6216,38.5406,0.36676
2023-10-09,36.5827,38.6533,0.36515
2023-10-10,36.5527,38.4827,0.35888
2023-10-11,36.5058,38.6049,0.36617
2023-10-12,36.4385,38.6394,0.36469
2023-10-13,36.3931,38.6422,0.37466
2023-10-14,36.3931,38.6422,0.37466
2023-10-15,36.3931,38.6422,0.37466
2023-10-16,36.3688,38.2782,0.37396
2023-10-17,36.3297,38.2806,0.37387
2023-10-18,36.4507,38.5503,0.37447
2023-10-19,36.5616,38.609,0.37619
2023-10-20,36.6118,38.6511,0.37669
2023-10-21,36.6118,38.6511,0.37669
2023-10-22,36.6118,38.6511,0.37669
2023-10-23,36.5401,38.7033,0.38267
2023-10-24,36.5569,38.7613,0.38584
2023-10-25,36.579,38.9091,0.39134
2023-10-26,36.5312,38.6171,0.39098
2023-10-27,36.5082,38.4687,0.38931
2023-10-28,36.5082,38.4687,0.38931
2023-10-29,36.5082,38.4687,0.38931
2023-10-30,36.4216,38.3774,0.39189
2023-10-31,36.3659,38.5624,0.39059
2023-11-01,36.2812,38.5451,0.38899
2023-11-02,36.2655,38.2311,0.3904
2023-11-03,36.2659,38.6703,0.38919
2023-11-04,36.2659,38.6703,0.38919
2023-11-05,36.2659,38.6703,0.38919
2023-11-06,36.1705,38.7278,0.38965
2023-11-07,36.0426,38.7206,0.38976
2023-11-08,36.0371,38.484,0.39026
2023-11-09,36.0407,38.4518,0.39129
2023-11-10,36.036,38.5225,0.39106
2023-11-11,36.036,38.5225,0.39106
2023-11-12,36.036,38.5225,0.39106
2023-11-13,36.0779,38.542,0.39164
2023-11-14,36.1609,38.5945,0.39316
2023-11-15,36.3171,38.9392,0.40007
2023-11-16,36.2643,39.3939,0.4048
2023-11-17,36.2496,39.3054,0.40601
2023-11-18,36.2496,39.3054,0.40601
2023-11-19,36.2496,39.3054,0.40601
2023-11-20,36.1394,39.2582,0.40491
2023-11-21,36.0496,39.3986,0.40675
2023-11-22,36.0453,39.466,0.40988
2023-11-23,36.0675,39.3352,0.40821
2023-11-24,36.0143,39.27,0.40689
2023-11-25,36.0143,39.27,0.40689
2023-11-26,36.0143,39.27,0.40689
2023-11-27,36.0487,39.358,0.40656
2023-11-28,36.2173,39.6579,0.40811
2023-11-29,36.3644,39.8172,0.40993
2023-11-30,36.3752,39.9582,0.40988
2023-12-01,36.3535,39.7235,0.41002
2023-12-02,36.3535,39.7235,0.41002
2023-12-03,36.3535,39.7235,0.41002
2023-12-04,36.4606,39.6582,0.40387
2023-12-05,36.5383,39.7135,0.40212
2023-12-06,36.6618,39.6461,0.39886
2023-12-07,36.6906,39.5433,0.39691
2023-12-08,36.6722,39.496,0.39486
2023-12-09,36.6722,39.496,0.39486
2023-12-10,36.6722,39.496,0.39486
2023-12-11,36.7424,39.601,0.40316
2023-12-12,36.8716,39.6738,0.40544
2023-12-13,36.9861,39.9376,0.4117
2023-12-14,37.0245,39.9217,0.41237
2023-12-15,36.9913,40.413,0.4133
2023-12-16,36.9913,40.413,0.4133
2023-12-17,36.9913,40.413,0.4133
2023-12-18,37.0211,40.5122,0.41015
2023-12-19,37.1924,40.5918,0.41002
2023-12-20,37.3205,40.9219,0.41299
2023-12-21,37.5516,41.0664,0.41281
2023-12-22,37.5964,41.2846,0.40723
2023-12-23,37.5964,41.2846,0.40723
2023-12-24,37.5964,41.2846,0.40723
2023-12-25,37.5525,41.3753,0.40701
2023-12-26,37.5225,41.3611,0.40812
2023-12-27,37.3684,41.1538,0.40523
2023-12-28,37.6194,41.6334,0.40969
2023-12-29,37.9824,42.2079,0.42119
2023-12-30,37.9824,42.2079,0.42119
2023-12-31,37.9824,42.2079,0.42119
2024-01-01,38.002,41.996,0.42156
2024-01-02,38.0144,42.0059,0.42385
2024-01-03,38.0839,41.7209,0.41991
2024-01-04,38.1159,41.6073,0.41487
2024-01-05,38.0412,41.6665,0.41696
2024-01-06,38.0412,41.6665,0.41696
2024-01-07,38.0412,41.6665,0.41696
2024-01-08,38.0775,41.573,0.41861
2024-01-09,38.192,41.7973,0.41989
2024-01-10,38.2253,41.8185,0.42559
2024-01-11,38.1923,41.8015,0.42685
2024-01-12,37.9982,41.741,0.42815
2024-01-13,37.9982,41.741,0.42815
2024-01-14,37.9982,41.741,0.42815
2024-01-15,37.8386,41.3879,0.42788
2024-01-16,37.8641,41.4763,0.43125
2024-01-17,37.9247,41.2848,0.4306
2024-01-18,37.8977,41.21,0.42757
2024-01-19,37.7094,41.0146,0.42379
2024-01-20,37.7094,41.0146,0.42379
2024-01-21,37.7094,41.0146,0.42379
2024-01-22,37.5268,40.8404,0.4253
2024-01-23,37.4521,40.7928,0.42584
2024-01-24,37.4544,40.6905,0.42366
2024-01-25,37.5252,40.8837,0.42324
2024-01-26,37.5825,40.9161,0.42121
2024-01-27,37.5825,40.9161,0.42121
2024-01-28,37.5825,40.9161,0.42121
2024-01-29,37.7811,41.0567,0.42055
2024-01-30,37.8862,41.0042,0.42242
2024-01-31,37.8746,41.0845,0.42322
2024-02-01,37.5627,40.7067,0.41874
2024-02-02,37.6047,40.6695,0.41588
2024-02-03,37.6047,40.6695,0.41588
2024-02-04,37.6047,40.6695,0.41588
2024-02-05,37.5698,40.8797,0.41316
2024-02-06,37.5544,40.3747,0.41244
2024-02-07,37.6254,40.3946,0.4139
2024-02-08,37.5937,40.5035,0.41335
2024-02-09,37.5707,40.4129,0.4109
2024-02-10,37.5707,40.4129,0.4109
2024-02-11,37.5707,40.4129,0.4109
2024-02-12,37.6234,40.5129,0.41409
2024-02-13,37.8951,40.8092,0.41589
2024-02-14,38.1264,41.1212,0.41758
2024-02-15,38.1734,40.8684,0.41726
2024-02-16,37.9484,40.7718,0.41215
2024-02-17,37.9484,40.7718,0.41215
2024-02-18,37.9484,40.7718,0.41215
2024-02-19,37.9719,40.8919,0.4069
2024-02-20,38.2847,41.2403,0.41426
2024-02-21,38.4756,41.5421,0.41598
2024-02-22,38.6237,41.7213,0.41804
2024-02-23,38.4803,41.728,0.416
2024-02-24,38.4803,41.728,0.416
2024-02-25,38.4803,41.728,0.416
2024-02-26,38.3527,41.5628,0.40626
2024-02-27,38.3361,41.5985,0.4171
2024-02-28,38.4249,41.7179,0.41705
2024-02-29,38.2077,41.2968,0.41607
2024-03-01,38.0492,41.2035,0.41843
2024-03-02,38.0492,41.2035,0.41843
2024-03-03,38.0492,41.2035,0.41843
2024-03-04,38.1575,41.2635,0.41874
2024-03-05,38.3135,41.5433,0.41989
2024-03-06,38.3943,41.6463,0.42201
2024-03-07,38.2664,41.5918,0.42242
2024-03-08,38.0836,41.4883,0.41862
2024-03-09,38.0836,41.4883,0.41862
2024-03-10,38.0836,41.4883,0.41862
2024-03-11,38.141,41.6957,0.41974
2024-03-12,38.3825,41.9559,0.42362
2024-03-13,38.4924,42.0414,0.42194
2024-03-14,38.7878,42.4183,0.42287
2024-03-15,38.6854,42.287,0.42186
2024-03-16,38.6854,42.287,0.42186
2024-03-17,38.6854,42.287,0.42186
2024-03-18,38.7998,42.2452,0.42119
2024-03-19,38.9744,42.447,0.42352
2024-03-20,39.1338,42.4641,0.42234
2024-03-21,39.1399,42.4394,0.42234
2024-03-22,38.9234,42.4693,0.4235
2024-03-23,38.9234,42.4693,0.4235
2024-03-24,38.9234,42.4693,0.4235
2024-03-25,38.9075,42.1252,0.4173
2024-03-26,39.2298,42.4898,0.42304
2024-03-27,39.343,42.6911,0.42506
2024-03-28,39.2273,42.442,0.42512
2024-03-29,39.2214,42.367,0.42382
2024-03-30,39.2214,42.367,0.42382
2024-03-31,39.2214,42.367,0.42382
2024-04-01,38.9974,42.1601,0.42268
2024-04-02,39.0749,42.1384,0.42209
2024-04-03,39.3236,42.2768,0.42495
2024-04-04,39.1953,42.2643,0.42457
2024-04-05,39.0201,42.3485,0.42309
2024-04-06,39.0201,42.3485,0.42309
2024-04-07,39.0201,42.3485,0.42309
2024-04-08,38.8437,42.091,0.41987
2024-04-09,38.9882,42.2008,0.42159
2024-04-10,38.9945,42.3519,0.42009
2024-04-11,39.0232,42.3616,0.41828
2024-04-12,39.1676,42.019,0.41791
2024-04-13,39.1676,42.019,0.41791
2024-04-14,39.1676,42.019,0.41791
2024-04-15,39.399,41.9678,0.42134
2024-04-16,39.5737,42.1618,0.42344
2024-04-17,39.5737,42.1222,0.42031
2024-04-18,39.5451,42.0562,0.42002
2024-04-19,39.6037,42.2789,0.42078
2024-04-20,39.6037,42.2789,0.42078
2024-04-21,39.6037,42.2789,0.42078
2024-04-22,39.7879,42.3821,0.42645
2024-04-23,39.7836,42.3118,0.42575
2024-04-24,39.586,42.262,0.42478
2024-04-25,39.4716,42.1833,0.42673
2024-04-26,39.6702,42.5205,0.43016
2024-04-27,39.6702,42.5205,0.43016
2024-04-28,39.6702,42.5205,0.43016
2024-04-29,39.6015,42.4409,0.43076
2024-04-30,39.6688,42.4972,0.42547
2024-05-01,39.5151,42.3641,0.42275
2024-05-02,39.637,42.2986,0.42326
2024-05-03,39.5345,42.3098,0.43002
2024-05-04,39.5345,42.3098,0.43002
2024-05-05,39.5345,42.3098,0.43002
2024-05-06,39.3969,42.3359,0.43084
2024-05-07,39.3561,42.3983,0.43154
2024-05-08,39.2966,42.3087,0.43085
2024-05-09,39.3828,42.3168,0.42799
2024-05-10,39.5518,42.4312,0.42693
2024-05-11,39.5518,42.4312,0.42693
2024-05-12,39.5518,42.4312,0.42693
2024-05-13,39.7206,42.8148,0.43011
2024-05-14,39.6196,42.7495,0.43227
2024-05-15,39.6799,42.8305,0.43468
2024-05-16,39.5771,42.8501,0.43393
2024-05-17,39.4305,42.8452,0.43434
2024-05-18,39.4305,42.8452,0.43434
2024-05-19,39.4305,42.8452,0.43434
2024-05-20,39.4272,42.7549,0.43281
2024-05-21,39.665,43.0802,0.43593
2024-05-22,39.8052,43.2643,0.43973
2024-05-23,39.825,43.1106,0.44127
2024-05-24,39.9205,43.3137,0.44181
2024-05-25,39.9205,43.3137,0.44181
2024-05-26,39.9205,43.3137,0.44181
2024-05-27,40.1153,43.491,0.44807
2024-05-28,40.3012,43.759,0.45396
2024-05-29,40.3958,43.9708,0.45681
2024-05-30,40.4832,43.9202,0.45249
2024-05-31,40.5001,43.8171,0.45105
2024-06-01,40.5001,43.8171,0.45105
2024-06-02,40.5001,43.8171,0.45105
2024-06-03,40.5373,43.985,0.44942
2024-06-04,40.4813,43.8939,0.45336
2024-06-05,40.2938,43.7671,0.45341
2024-06-06,40.1254,43.6083,0.4528
2024-06-07,40.1537,43.627,0.4517
2024-06-08,40.1537,43.627,0.4517
2024-06-09,40.1537,43.627,0.4517
2024-06-10,40.2485,43.8709,0.45262
2024-06-11,40.4246,43.4726,0.45494
2024-06-12,40.5178,43.4594,0.4545
2024-06-13,40.4441,43.532,0.45269
2024-06-14,40.6908,43.885,0.46053
2024-06-15,40.6908,43.885,0.46053
2024-06-16,40.6908,43.885,0.46053
2024-06-17,40.649,43.4782,0.45534
2024-06-18,40.6485,43.5366,0.45832
2024-06-19,40.5493,43.4486,0.46689
2024-06-20,40.5381,43.5744,0.48156
2024-06-21,40.5184,43.4276,0.46612
2024-06-22,40.5184,43.4276,0.46612
2024-06-23,40.5184,43.4276,0.46612
2024-06-24,40.4478,43.2347,0.45791
2024-06-25,40.5505,43.5188,0.45846
2024-06-26,40.6545,43.545,0.46476
2024-06-27,40.5138,43.3133,0.46284
2024-06-28,40.5374,43.3547,0.47443
2024-06-29,40.5374,43.3547,0.47443
2024-06-30,40.5374,43.3547,0.47443
2024-07-01,40.4542,43.2658,0.47294
2024-07-02,40.6413,43.6853,0.46937
2024-07-03,40.7476,43.6977,0.46078
2024-07-04,40.7599,43.8495,0.46226
2024-07-05,40.5458,43.7814,0.46147
2024-07-06,40.5458,43.7814,0.46147
2024-07-07,40.5458,43.7814,0.46147
2024-07-08,40.542,43.8624,0.46049
2024-07-09,40.7,44.0781,0.46196
2024-07-10,40.7662,44.0846,0.46716
2024-07-11,40.7146,44.0776,0.46305
2024-07-12,40.8823,44.3818,0.46776
2024-07-13,40.8823,44.3818,0.46776
2024-07-14,40.8823,44.3818,0.46776
2024-07-15,41.0434,44.686,0.46822
2024-07-16,41.0107,44.7263,0.46409
2024-07-17,41.2575,44.9789,0.46765
2024-07-18,41.4627,45.3457,0.46961
2024-07-19,41.422,45.2618,0.47092
2024-07-20,41.422,45.2618,0.47092
2024-07-21,41.422,45.2618,0.47092
2024-07-22,41.4912,45.186,0.47294
2024-07-23,41.3369,44.9952,0.47044
2024-07-24,41.2316,44.7693,0.47318
2024-07-25,41.2174,44.7044,0.47548
2024-07-26,41.1977,44.683,0.48306
2024-07-27,41.1977,44.683,0.48306
2024-07-28,41.1977,44.683,0.48306
2024-07-29,41.098,44.6324,0.47849
2024-07-30,41.0478,44.4055,0.47424
2024-07-31,41.0291,44.4181,0.47488
2024-08-01,41.0063,44.4016,0.47617
2024-08-02,41.139,44.4013,0.47909
2024-08-03,41.139,44.4013,0.47909
2024-08-04,41.139,44.4013,0.47909
2024-08-05,41.225,44.6467,0.48134
2024-08-06,41.1966,45.1474,0.48483
2024-08-07,41.0381,44.7931,0.47826
2024-08-08,40.9847,44.7676,0.47659
2024-08-09,40.9926,44.809,0.47127
2024-08-10,40.9926,44.809,0.47127
2024-08-11,40.9926,44.809,0.47127
2024-08-12,41.119,44.8855,0.46377
2024-08-13,41.283,45.1058,0.45603
2024-08-14,41.3464,45.1957,0.45162
2024-08-15,41.3262,45.5497,0.46739
2024-08-16,41.1382,45.3055,0.46382
2024-08-17,41.1382,45.3055,0.46382
2024-08-18,41.1382,45.3055,0.46382
2024-08-19,41.211,45.2991,0.46377
2024-08-20,41.3027,45.6085,0.45917
2024-08-21,41.3459,45.8195,0.45329
2024-08-22,41.2975,45.898,0.4511
2024-08-23,41.2881,45.9826,0.45224
2024-08-24,41.2881,45.9826,0.45224
2024-08-25,41.2881,45.9826,0.45224
2024-08-26,41.2236,45.8406,0.4509
2024-08-27,41.3591,46.1816,0.45216
2024-08-28,41.3008,46.1041,0.4519
2024-08-29,41.2508,45.8791,0.45238
2024-08-30,41.1901,45.7045,0.45051
2024-08-31,41.1901,45.7045,0.45051
2024-09-01,41.1901,45.7045,0.45051
2024-09-02,41.0592,45.5018,0.4505
2024-09-03,41.0976,45.4622,0.45843
2024-09-04,41.264,45.5431,0.46711
2024-09-05,41.2766,45.6065,0.46157
2024-09-06,41.089,45.5882,0.45905
2024-09-07,41.089,45.5882,0.45905
2024-09-08,41.089,45.5882,0.45905
2024-09-09,41.0168,45.5574,0.45638
2024-09-10,41.0948,45.383,0.45293
2024-09-11,41.14,45.3774,0.45157
2024-09-12,41.1855,45.4894,0.45183
2024-09-13,41.2743,45.4595,0.45138
2024-09-14,41.2743,45.4595,0.45138
2024-09-15,41.2743,45.4595,0.45138
2024-09-16,41.3171,45.7959,0.45307
2024-09-17,41.3591,46.0079,0.45387
2024-09-18,41.41,46.1245,0.45386
2024-09-19,41.4508,46.1099,0.45174
2024-09-20,41.4445,46.2396,0.44573
2024-09-21,41.4445,46.2396,0.44573
2024-09-22,41.4445,46.2396,0.44573
2024-09-23,41.3481,46.1486,0.44635
2024-09-24,41.3567,45.9928,0.44502
2024-09-25,41.3744,46.0414,0.44413
2024-09-26,41.2647,46.1958,0.44566
2024-09-27,41.2085,45.9598,0.44384
2024-09-28,41.2085,45.9598,0.44384
2024-09-29,41.2085,45.9598,0.44384
2024-09-30,41.1664,45.9541,0.44327
2024-10-01,41.2199,46.1539,0.44297
2024-10-02,41.2476,45.7106,0.44108
2024-10-03,41.2755,45.7147,0.43663
2024-10-04,41.2202,45.5236,0.43283
2024-10-05,41.2202,45.5236,0.43283
2024-10-06,41.2202,45.5236,0.43283
2024-10-07,41.1859,45.4322,0.43274
2024-10-08,41.1961,45.221,0.42736
2024-10-09,41.1756,45.2437,0.4259
2024-10-10,41.1934,45.1274,0.42318
2024-10-11,41.2072,45.0477,0.42312
2024-10-12,41.2072,45.0477,0.42312
2024-10-13,41.2072,45.0477,0.42312
2024-10-14,41.1891,45.0238,0.42927
2024-10-15,41.1963,44.9575,0.4281
2024-10-16,41.2139,44.9232,0.42445
2024-10-17,41.2256,44.9132,0.42482
2024-10-18,41.2351,44.7937,0.42467
2024-10-19,41.2351,44.7937,0.42467
2024-10-20,41.2351,44.7937,0.42467
2024-10-21,41.2308,44.7272,0.42785
2024-10-22,41.2833,44.813,0.4292
2024-10-23,41.3313,44.7081,0.42793
2024-10-24,41.2739,44.4355,0.42717
2024-10-25,41.263,44.5413,0.42572
2024-10-26,41.263,44.5413,0.42572
2024-10-27,41.263,44.5413,0.42572
2024-10-28,41.3135,44.7136,0.42782
2024-10-29,41.3292,44.6975,0.42499
2024-10-30,41.3798,44.6074,0.42611
2024-10-31,41.279,44.635,0.42545
2024-11-01,41.2194,44.8467,0.4245
2024-11-02,41.2194,44.8467,0.4245
2024-11-03,41.2194,44.8467,0.4245
2024-11-04,41.2891,44.968,0.4224
2024-11-05,41.3954,45.1417,0.41883
2024-11-06,41.4375,45.1503,0.42621
2024-11-07,41.4562,44.3374,0.42221
2024-11-08,41.3589,44.5642,0.42268
2024-11-09,41.3589,44.5642,0.42268
2024-11-10,41.3589,44.5642,0.42268
2024-11-11,41.2982,44.4864,0.42366
2024-11-12,41.2981,43.9949,0.42256
2024-11-13,41.3763,43.9416,0.42246
2024-11-14,41.3413,43.9499,0.41991
2024-11-15,41.2446,43.4677,0.41358
2024-11-16,41.2446,43.4677,0.41358
2024-11-17,41.2446,43.4677,0.41358
2024-11-18,41.2796,43.6532,0.41416
2024-11-19,41.3715,43.6345,0.41341
2024-11-20,41.331,43.691,0.4117
2024-11-21,41.2533,43.5635,0.41119
2024-11-22,41.286,43.4659,0.40977
2024-11-23,41.286,43.4659,0.40977
2024-11-24,41.286,43.4659,0.40977
2024-11-25,41.3193,42.9927,0.40192
2024-11-26,41.4387,43.4733,0.39922
2024-11-27,41.5035,43.6824,0.39394
2024-11-28,41.601,43.8017,0.36979
2024-11-29,41.5956,43.8626,0.383
2024-11-30,41.5956,43.8626,0.383
2024-12-01,41.5956,43.8626,0.383
2024-12-02,41.5847,43.901,0.39231
2024-12-03,41.6461,43.7242,0.39288
2024-12-04,41.6972,43.8238,0.39387
2024-12-05,41.6628,43.7043,0.39982
2024-12-06,41.5975,43.8146,0.41264
2024-12-07,41.5975,43.8146,0.41264
2024-12-08,41.5975,43.8146,0.41264
2024-12-09,41.4446,43.8567,0.41864
2024-12-10,41.5093,43.8525,0.4149
2024-12-11,41.6119,43.8215,0.40926
2024-12-12,41.6941,43.7997,0.38516
2024-12-13,41.6588,43.7042,0.40064
2024-12-14,41.6588,43.7042,0.40064
2024-12-15,41.6588,43.7042,0.40064
2024-12-16,41.607,43.7373,0.402
2024-12-17,41.7403,43.8064,0.40295
2024-12-18,41.8271,43.9143,0.40723
2024-12-19,41.9048,43.9581,0.40556
2024-12-20,41.9292,43.577,0.40539
2024-12-21,41.9292,43.577,0.40539
2024-12-22,41.9292,43.577,0.40539
2024-12-23,41.8761,43.5114,0.40527
2024-12-24,41.991,43.6454,0.42
2024-12-25,41.9875,43.6334,0.41996
2024-12-26,41.8623,43.5159,0.41916
2024-12-27,41.8447,43.5122,0.41949
2024-12-28,41.8447,43.5122,0.41949
2024-12-29,41.8447,43.5122,0.41949
2024-12-30,41.9403,43.7479,0.39949
2024-12-31,42.039,43.9266,0.38978
2025-01-01,42.0295,43.6855,0.37488
2025-01-02,41.9725,43.6052,0.41279
2025-01-03,42.0385,43.3753,0.37546
2025-01-04,42.0385,43.3753,0.37546
2025-01-05,42.0385,43.3753,0.37546
2025-01-06,42.0889,43.3347,0.38003
2025-01-07,42.1959,43.9091,0.3907
2025-01-08,42.2297,43.8767,0.39467
2025-01-09,42.2361,43.4272,0.40191
2025-01-10,42.2825,43.5594,0.41402
2025-01-11,42.2825,43.5594,0.41402
2025-01-12,42.2825,43.5594,0.41402
2025-01-13,42.2841,43.5738,0.41627
2025-01-14,42.2692,43.1273,0.41113
2025-01-15,42.2734,43.3218,0.41046
2025-01-16,42.2659,43.5297,0.41146
2025-01-17,42.1729,43.32,0.40906
2025-01-18,42.1729,43.32,0.40906
2025-01-19,42.1729,43.32,0.40906
2025-01-20,42.1257,43.3684,0.41151
2025-01-21,42.1551,43.4998,0.41274
2025-01-22,42.1661,43.6419,0.42373
2025-01-23,42.0325,43.8735,0.42516
2025-01-24,41.9751,43.6709,0.42437
2025-01-25,41.9751,43.6709,0.42437
2025-01-26,41.9751,43.6709,0.42437
2025-01-27,41.9253,43.9168,0.42754
2025-01-28,41.9479,44.146,0.43312
2025-01-29,42.0195,43.7843,0.42681
2025-01-30,41.9294,43.6192,0.42593
2025-01-31,41.8242,43.5097,0.426
2025-02-01,41.8242,43.5097,0.426
2025-02-02,41.8242,43.5097,0.426
2025-02-03,41.7263,43.3244,0.42316
2025-02-04,41.7908,42.8627,0.41854
2025-02-05,41.7558,43.117,0.41764
2025-02-06,41.6584,43.4081,0.42752
2025-02-07,41.4897,42.9792,0.42881
2025-02-08,41.4897,42.9792,0.42881
2025-02-09,41.4897,42.9792,0.42881
2025-02-10,41.4733,43.0327,0.42642
2025-02-11,41.5936,42.8955,0.428
2025-02-12,41.6696,43.0114,0.43581
2025-02-13,41.7927,43.3557,0.44334
2025-02-14,41.7996,43.4361,0.45954
2025-02-15,41.7996,43.4361,0.45954
2025-02-16,41.7996,43.4361,0.45954
2025-02-17,41.6299,43.5907,0.45318
2025-02-18,41.5554,43.5168,0.45356
2025-02-19,41.5705,43.4661,0.45482
2025-02-20,41.6814,43.4737,0.46433
2025-02-21,41.7316,43.5511,0.47212
2025-02-22,41.7316,43.5511,0.47212
2025-02-23,41.7316,43.5511,0.47212
2025-02-24,41.5919,43.5093,0.46026
2025-02-25,41.7015,43.6448,0.47462
2025-02-26,41.7358,43.7892,0.48285
2025-02-27,41.639,43.6252,0.48294
2025-02-28,41.514,43.4942,0.47736
2025-03-01,41.514,43.4942,0.47736
2025-03-02,41.514,43.4942,0.47736
2025-03-03,41.4313,43.1134,0.46803
2025-03-04,41.5911,43.5417,0.46187
2025-03-05,41.5782,43.8775,0.46748
2025-03-06,41.368,44.2493,0.4608
2025-03-07,41.2742,44.5596,0.46281
2025-03-08,41.2742,44.5596,0.46281
2025-03-09,41.2742,44.5596,0.46281
2025-03-10,41.2127,44.7281,0.46441
2025-03-11,41.287,44.7716,0.46976
2025-03-12,41.4124,45.2141,0.48435
2025-03-13,41.5076,45.1644,0.47542
2025-03-14,41.527,45.0007,0.47978
2025-03-15,41.527,45.0007,0.47978
2025-03-16,41.527,45.0007,0.47978
2025-03-17,41.5098,45.2291,0.48555
2025-03-18,41.4395,45.1649,0.49328
2025-03-19,41.5658,45.3483,0.50915
2025-03-20,41.573,45.3229,0.4971
2025-03-21,41.541,45.0014,0.48931
2025-03-22,41.541,45.0014,0.48931
2025-03-23,41.541,45.0014,0.48931
2025-03-24,41.5277,44.9807,0.49086
2025-03-25,41.6446,45.0886,0.49488
2025-03-26,41.6949,45.1389,0.49435
2025-03-27,41.5644,44.823,0.49406
2025-03-28,41.4863,44.7471,0.49416
2025-03-29,41.4863,44.7471,0.49416
2025-03-30,41.4863,44.7471,0.49416
2025-03-31,41.4787,44.7472,0.49218
2025-04-01,41.4228,44.8278,
2025-04-02,41.373,44.6084,
2025-04-03,41.3162,44.6339,
2025-04-04,41.3426,45.8531,
2025-04-05,41.3426,45.8531,
2025-04-06,41.3426,45.8531,
2025-04-07,41.1941,45.5524,
2025-04-08,41.0807,45.0532,
2025-04-09,41.174,45.0258,
2025-04-10,41.2751,45.5471,
2025-04-11,41.4031,45.8415,
2025-04-12,41.4031,45.8415,
2025-04-13,41.4031,45.8415,
2025-04-14,41.3879,46.9153,
2025-04-15,41.3153,47.0271,
2025-04-16,41.1753,46.6104,
2025-04-17,41.2152,46.8205,
2025-04-18,41.3825,47.0043,
2025-04-19,41.3825,47.0043,
2025-04-20,41.3825,47.0043,
2025-04-21,41.3955,47.0253,
2025-04-22,41.3785,47.7653,
2025-04-23,41.5185,47.7131,
2025-04-24,41.6707,47.5421,
2025-04-25,41.689,47.4171,
2025-04-26,41.689,47.4171,
2025-04-27,41.689,47.4171,
2025-04-28,41.7513,47.3856,
2025-04-29,41.7441,47.3921,
2025-04-30,41.5647,47.284,
2025-05-01,41.4706,47.1687,
2025-05-02,41.5945,47.0808,
2025-05-03,41.5945,47.0808,
2025-05-04,41.5945,47.0808,
2025-05-05,41.7091,47.3127,
2025-05-06,41.6036,47.1868,
2025-05-07,41.4544,46.9637,
2025-05-08,41.4388,47.0745,
2025-05-09,41.5113,46.887,
2025-05-10,41.5113,46.887,
2025-05-11,41.5113,46.887,
2025-05-12,41.547,46.7528,
2025-05-13,41.5387,46.1578,
2025-05-14,41.5004,46.0924,
2025-05-15,41.5376,46.5886,
2025-05-16,41.4709,46.3831,
2025-05-17,41.4709,46.3831,
2025-05-18,41.4709,46.3831,
2025-05-19,41.4983,46.449,
2025-05-20,41.576,46.8562,
2025-05-21,41.4851,46.6521,
2025-05-22,41.436,46.9138,
2025-05-23,41.4999,46.9281,
2025-05-24,41.4999,46.9281,
2025-05-25,41.4999,46.9281,
2025-05-26,41.5094,46.9949,
2025-05-27,41.5707,47.295,
2025-05-28,41.6758,47.3104,
2025-05-29,41.5903,47.0761,
2025-05-30,41.5285,46.8026,
2025-05-31,41.5285,46.8026,
2025-06-01,41.5285,46.8026,
2025-06-02,41.5261,47.074,
2025-06-03,41.6184,47.5032,
2025-06-04,41.6385,47.4263,
2025-06-05,41.4829,47.2013,
2025-06-06,41.4717,47.3773,
2025-06-07,41.4717,47.3773,
2025-06-08,41.4717,47.3773,
2025-06-09,41.4018,47.2726,
2025-06-10,41.4919,47.3713,
2025-06-11,41.5566,47.5033,
2025-06-12,41.5117,47.4562,
2025-06-13,41.488,48.0825,
2025-06-14,41.488,48.0825,
2025-06-15,41.488,48.0825,
2025-06-16,41.4466,47.6926,
2025-06-17,41.5306,48.0675,
2025-06-18,41.5255,48.0159,
2025-06-19,41.6293,47.9028,
2025-06-20,41.6854,47.859,
2025-06-21,41.6854,47.859,
2025-06-22,41.6854,47.859,
2025-06-23,41.8335,48.2006,
2025-06-24,41.8702,48.0209,
2025-06-25,41.7924,48.5084,
2025-06-26,41.662,48.3238,
2025-06-27,41.5852,48.638,
2025-06-28,41.5852,48.638,
2025-06-29,41.5852,48.638,
2025-06-30,41.6409,48.7823,
2025-07-01,41.7788,48.9856,
2025-07-02,41.8191,49.4093,
2025-07-03,41.8116,49.1328,
2025-07-04,41.7239,49.1758,
2025-07-05,41.7239,49.1758,
2025-07-06,41.7239,49.1758,
2025-07-07,41.7341,49.121,
2025-07-08,41.7975,49.0285,
2025-07-09,41.8462,49.0563,
2025-07-10,41.7745,48.8427,
2025-07-11,41.8232,48.975,
2025-07-12,41.8232,48.975,
2025-07-13,41.8232,48.975,
2025-07-14,41.7842,48.8416,
2025-07-15,41.8355,48.8973,
2025-07-16,41.8211,48.8031,
2025-07-17,41.8129,48.5197,
2025-07-18,41.867,48.4527,
2025-07-19,41.867,48.4527,
2025-07-20,41.867,48.4527,
2025-07-21,41.7514,48.607,
2025-07-22,41.8194,48.7907,
2025-07-23,41.7653,48.8654,
2025-07-24,41.7651,48.9821,
2025-07-25,41.7738,49.1009,
2025-07-26,41.7738,49.1009,
2025-07-27,41.7738,49.1009,
2025-07-28,41.7824,48.9815,
2025-07-29,41.7997,48.6967,
2025-07-30,41.7886,48.224,
2025-07-31,41.7662,48.1481,
2025-08-01,41.7132,47.7491,
2025-08-02,41.7132,47.7491,
2025-08-03,41.7132,47.7491,
2025-08-04,41.7644,47.6448,
2025-08-05,41.7901,48.347,
2025-08-06,41.6845,48.0914,
2025-08-07,41.611,48.2854,
2025-08-08,41.4564,48.276,
2025-08-09,41.4564,48.276,
2025-08-10,41.4564,48.276,
2025-08-11,41.3895,48.1939,
2025-08-12,41.449,48.1969,
2025-08-13,41.4268,48.0758,
2025-08-14,41.5149,48.6472,
2025-08-15,41.45,48.4405,
2025-08-16,41.45,48.4405,
2025-08-17,41.45,48.4405,
2025-08-18,41.3401,48.3059,
2025-08-19,41.2589,48.1739,
2025-08-20,41.3557,48.3241,
2025-08-21,41.3782,48.1684,
2025-08-22,41.2185,47.9825,
2025-08-23,41.2185,47.9825,
2025-08-24,41.2185,47.9825,
2025-08-25,41.2839,47.91,
2025-08-26,41.43,48.4731,
2025-08-27,41.4047,48.2655,
2025-08-28,41.3222,47.88,
2025-08-29,41.2602,48.1341,
2025-08-30,41.2602,48.1341,
2025-08-31,41.2602,48.1341,
2025-09-01,41.3203,48.196,
2025-09-02,41.3722,48.4675,
2025-09-03,41.3631,48.1756,
2025-09-04,41.3719,48.2024,
2025-09-05,41.3494,48.1348,
2025-09-06,41.3494,48.1348,
2025-09-07,41.3494,48.1348,
2025-09-08,41.2199,48.1634,
2025-09-09,41.2497,48.3818,
2025-09-10,41.1237,48.2916,
2025-09-11,41.2138,48.2408,
2025-09-12,41.3127,48.2739,
2025-09-13,41.3127,48.2739,
2025-09-14,41.3127,48.2739,
2025-09-15,41.2838,48.3929,
2025-09-16,41.2317,48.4967,
2025-09-17,41.1752,48.6567,
2025-09-18,41.1941,48.7738,
2025-09-19,41.2488,48.785,
2025-09-20,41.2488,48.785,
2025-09-21,41.2488,48.785,
2025-09-22,41.2502,48.4215,
2025-09-23,41.3811,48.7304,
2025-09-24,41.378,48.8012,
2025-09-25,41.4105,48.6573,
2025-09-26,41.4939,48.7118,
2025-09-27,41.4939,48.7118,
2025-09-28,41.4939,48.7118,
2025-09-29,41.4789,48.4059,
2025-09-30,41.3176,48.4408,
2025-10-01,41.142,48.3028,
2025-10-02,41.2215,48.3734,
2025-10-03,41.2764,48.5039,
2025-10-04,41.2764,48.5039,
2025-10-05,41.2764,48.5039,
2025-10-06,41.2286,48.3818,
2025-10-07,41.3409,48.2696,
2025-10-08,41.3158,48.1742,
2025-10-09,41.4024,48.1386,
2025-10-10,41.5062,48.2053,
2025-10-11,41.5062,48.2053,
2025-10-12,41.5062,48.2053,
2025-10-13,41.6027,48.1094,
2025-10-14,41.6102,48.1347,
2025-10-15,41.7514,48.2354,
2025-10-16,41.7607,48.5301,
2025-10-17,41.6358,48.5224,
2025-10-18,41.6358,48.5224,
2025-10-19,41.6358,48.5224,
2025-10-20,41.7308,48.7624,
2025-10-21,41.7565,48.663,
2025-10-22,41.7441,48.4732,
2025-10-23,41.755,48.369,
2025-10-24,41.897,48.5502,
2025-10-25,41.897,48.5502,
2025-10-26,41.897,48.5502,
2025-10-27,41.9969,48.7668,
2025-10-28,42.0704,48.9742,
2025-10-29,42.0831,48.9784,
2025-10-30,42.0115,48.8657,
2025-10-31,41.9701,48.5132,
2025-11-01,41.9701,48.5132,
2025-11-02,41.9701,48.5132,
2025-11-03,41.8924,48.4088,
2025-11-04,42.0409,48.4269,
2025-11-05,42.0725,48.3329,
2025-11-06,42.0671,48.3351,
2025-11-07,42.0836,48.5224,
2025-11-08,42.0836,48.5224,
2025-11-09,42.0836,48.5224,
2025-11-10,41.9782,48.5058,
2025-11-11,41.9559,48.543,
2025-11-12,42.0139,48.6101,
2025-11-13,42.0377,48.6544,
2025-11-14,42.0641,48.8827,
2025-11-15,42.0641,48.8827,
2025-11-16,42.0641,48.8827,
2025-11-17,42.0423,48.9835,
2025-11-18,42.067,48.7872,
2025-11-19,42.0924,48.7914,
2025-11-20,42.0948,48.7374,
2025-11-21,42.1549,48.5161,
2025-11-22,42.1549,48.5161,
2025-11-23,42.1549,48.5161,
2025-11-24,42.2672,48.7045,
2025-11-25,42.3713,48.9177,
2025-11-26,42.4015,48.9483,
2025-11-27,42.2987,48.9481,
2025-11-28,42.1928,48.8719,
2025-11-29,42.1928,48.8719,
2025-11-30,42.1928,48.8719,
2025-12-01,42.266,48.8933,
2025-12-02,42.3413,49.3149,
2025-12-03,42.3342,49.1839,
2025-12-04,42.2034,49.226,
2025-12-05,42.1838,49.2264,
2025-12-06,42.1838,49.2264,
2025-12-07,42.1838,49.2264,
2025-12-08,42.0567,48.9961,
2025-12-09,42.07,49.0242,
2025-12-10,42.1838,49.0935,
2025-12-11,42.2812,49.2153,
2025-12-12,42.2721,49.5154,
2025-12-13,42.2721,49.5154,
2025-12-14,42.2721,49.5154,
2025-12-15,42.1936,49.4678,
2025-12-16,42.2451,49.6549,
2025-12-17,42.1848,49.6684,
2025-12-18,42.3384,49.6291,
2025-12-19,42.3374,49.594,
2025-12-20,42.3374,49.594,
2025-12-21,42.3374,49.594,
2025-12-22,42.2481,49.4725,
2025-12-23,42.1482,49.4904,
2025-12-24,42.1003,49.6363,
2025-12-25,42.1541,49.6828,
2025-12-26,41.9331,49.4265,
2025-12-27,41.9331,49.4265,
2025-12-28,41.9331,49.4265,
2025-12-29,42.0637,49.5552,
2025-12-30,42.2179,49.6525,
2025-12-31,42.3878,49.8565,
2026-01-01,42.3532,49.7947,
2026-01-02,42.1701,49.5499,
2026-01-03,42.1701,49.5499,
2026-01-04,42.1701,49.5499,
2026-01-05,42.2942,49.5794,
2026-01-06,42.4208,49.5136,
2026-01-07,42.5634,49.7992,
2026-01-08,42.7155,49.9216,
2026-01-09,42.9904,50.1762,
2026-01-10,42.9904,50.1762,
2026-01-11,42.9904,50.1762,
2026-01-12,43.0757,50.1444,
2026-01-13,43.2552,50.5264,
2026-01-14,43.1762,50.3219,
2026-01-15,43.1236,50.2649,
2026-01-16,43.3927,50.4375,
2026-01-17,43.3927,50.4375,
2026-01-18,43.3927,50.4375,
2026-01-19,43.413,50.4372,
2026-01-20,43.2678,50.3031,
2026-01-21,43.2522,50.7219,
2026-01-22,43.1759,50.6669,
2026-01-23,43.1667,50.5201,
2026-01-24,43.1667,50.5201,
2026-01-25,43.1667,50.5201,
2026-01-26,43.1391,50.6539,
2026-01-27,43.1253,51.0647,
2026-01-28,42.9563,51.2297,
2026-01-29,42.7689,51.2286,
2026-01-30,42.8483,51.2423,
2026-01-31,42.8483,51.2423,
2026-02-01,42.8483,51.2423,
2026-02-02,42.8113,51.0225,
2026-02-03,42.9697,50.9062,
2026-02-04,43.1928,50.9502,
2026-02-05,43.1695,51.035,
2026-02-06,43.1405,50.8972,
2026-02-07,43.1405,50.8972,
2026-02-08,43.1405,50.8972,
2026-02-09,43.0487,50.763,
2026-02-10,43.0267,51.12,
2026-02-11,43.0904,51.2517,
2026-02-12,43.0318,51.2078,
2026-02-13,42.993,51.0348,
2026-02-14,42.993,51.0348,
2026-02-15,42.993,51.0348,
2026-02-16,43.102,51.1276,
2026-02-17,43.1705,51.1614,
2026-02-18,43.2577,51.1695,
2026-02-19,43.292,51.2577,
2026-02-20,43.2667,50.9163,
2026-02-21,43.2667,50.9163,
2026-02-22,43.2667,50.9163,
2026-02-23,43.2747,50.917,
2026-02-24,43.2982,51.0053,
2026-02-25,43.2648,50.9659,
2026-02-26,43.2413,50.962,
2026-02-27,43.2081,51.0244,
2026-02-28,43.2081,51.0244,
2026-03-01,43.2081,51.0244,
2026-03-02,43.0996,50.8661,
2026-03-03,43.2343,50.6014,
2026-03-04,43.4548,50.4597,
2026-03-05,43.717,50.8341,
2026-03-06,43.8069,50.9036,
2026-03-07,43.8069,50.9036,
2026-03-08,43.8069,50.9036,
2026-03-09,43.7292,50.5422,
2026-03-10,43.8961,50.7132,
2026-03-11,43.8627,51.0386,
2026-03-12,43.9776,50.9349,
2026-03-13,44.1636,50.956,
2026-03-14,44.1636,50.956,
2026-03-15,44.1636,50.956,
2026-03-16,44.1381,50.6661,
2026-03-17,44.0803,50.5777,
2026-03-18,43.9497,50.6388,
2026-03-19,43.896,50.5243,
2026-03-20,43.9617,50.5032,
2026-03-21,43.9617,50.5032,
2026-03-22,43.9617,50.5032,
2026-03-23,43.82,50.6778,
2026-03-24,43.8288,50.883,
2026-03-25,43.9205,50.8951,
2026-03-26,43.8722,50.8523,
2026-03-27,43.885,50.6104,
2026-03-28,43.885,50.6104,
2026-03-29,43.885,50.6104,
2026-03-30,43.84,50.4861,
2026-03-31,43.7955,50.3123,
2026-04-01,43.9175,50.4546,
2026-04-02,43.7808,50.8208,
2026-04-03,43.8144,50.4567,
2026-04-04,43.8144,50.4567,
2026-04-05,43.8144,50.4567,
2026-04-06,43.6549,50.3123,
2026-04-07,43.5831,50.321,
2026-04-08,43.4946,50.2711,
2026-04-09,43.3792,50.758,
2026-04-10,43.4653,50.7979,
2026-04-11,43.4653,50.7979,
2026-04-12,43.4653,50.7979,
2026-04-13,43.4587,50.9075,
2026-04-14,43.4372,50.752,
2026-04-15,43.4997,51.3253,
2026-04-16,43.5152,51.2718,
2026-04-17,43.6368,51.4216,
2026-04-18,43.6368,51.4216,
2026-04-19,43.6368,51.4216,
2026-04-20,43.8943,51.7667,
2026-04-21,44.1004,51.8929,
2026-04-22,44.116,51.9113,
2026-04-23,43.8873,51.4974,
2026-04-24,43.9412,51.3804,
2026-04-25,43.9412,51.3804,
2026-04-26,43.9412,51.3804,
2026-04-27,44.0039,51.5484,
2026-04-28,44.0894,51.761,
2026-04-29,44.0735,51.4999,
2026-04-30,44.082,51.5803,
2026-05-01,43.963,51.4587,
2026-05-02,43.963,51.4587,
2026-05-03,43.963,51.4587,
2026-05-04,43.9129,51.5977,
2026-05-05,44,51.458,
2026-05-06,43.9698,51.3963,
2026-05-07,43.8528,51.6147,
2026-05-08,43.8033,51.5433,
2026-05-09,43.8033,51.5433,
2026-05-10,43.8033,51.5433,
2026-05-11,43.855,51.5998,
2026-05-12,43.9584,51.7237,
2026-05-13,43.9709,51.6416,
2026-05-14,43.9694,51.5014,
2026-05-15,43.9569,51.4384,
2026-05-16,43.9569,51.4384,
2026-05-17,43.9569,51.4384,
2026-05-18,44.0724,51.2606,
2026-05-19,44.1591,51.41,
2026-05-20,44.153,51.297,
2026-05-21,44.2271,51.3034,
2026-05-22,44.2341,51.3027,
2026-05-23,44.2341,51.3027,
2026-05-24,44.2341,51.3027,
2026-05-25,44.2619,51.3305,
2026-05-26,44.2447,51.5274,
2026-05-27,44.2767,51.5159,
2026-05-28,44.2996,51.5426,
2026-05-29,44.2653,51.4363,
2026-05-30,44.2653,51.4363,
2026-05-31,44.2653,51.4363,
2026-06-01,44.268,51.5545,
2026-06-02,44.3023,51.5989,
2026-06-03,44.3399,51.6604,
2026-06-04,44.3494,51.5251,
2026-06-05,44.3793,51.6686,
2026-06-06,44.3793,51.6686,
2026-06-07,44.3793,51.6686,
2026-06-08,44.3583,51.6375,
2026-06-09,44.5129,51.3545,
2026-06-10,44.8437,51.8976,
2026-06-11,44.979,51.8945,
2026-06-12,44.9256,51.8352,
2026-06-13,44.9256,51.8352,
2026-06-14,44.9256,51.8352,
2026-06-15,44.8144,51.8592,
2026-06-16,44.8177,52.0378,
2026-06-17,44.7828,51.9413,
2026-06-18,44.8064,51.9306,
2026-06-19,44.9125,51.4563,
2026-06-20,44.9125,51.4563,
2026-06-21,44.9125,51.4563,
2026-06-22,44.9067,51.4631,
2026-06-23,44.9093,51.4144,
2026-06-24,44.8819,51.1048,
2026-06-25,44.8685,50.8809,
2026-06-26,44.9229,50.9201,
2026-06-27,44.9229,50.9201,
2026-06-28,44.9229,50.9201,
2026-06-29,44.8596,51.131,
2026-06-30,44.8478,51.1669,
2026-07-01,44.7917,51.0334,
2026-07-02,44.7687,50.9781,
2026-07-03,44.8016,51.0828,
2026-07-04,44.8016,51.0828,
2026-07-05,44.8016,51.0828,
2026-07-06,44.5696,51.0233,
2026-07-07,44.5638,50.8696,
2026-07-08,44.5098,50.8836,
2026-07-09,44.4766,50.6944,
2026-07-10,44.5155,50.8768,
2026-07-11,44.5155,50.8768,
2026-07-12,44.5155,50.8768,
2026-07-13,44.495,50.86,
2026-07-14,44.6746,51.0541,
2026-07-15,44.8833,51.1984,
2026-07-16,44.748,51.0664,
2026-07-17,44.6173,51.1649,
2026-07-18,44.6173,51.1649,
2026-07-19,44.6173,51.1649,
2026-07-20,44.6676,51.0595,
2026-07-21,44.703,51.0955,
2026-07-22,44.7503,51.0981,
2026-07-23,44.7711,51.0659,
2026-07-24,44.811,51.0577,
2026-07-25,44.811,51.0577,
2026-07-26,44.811,51.0577,
2026-07-27,44.8086,50.9653,
2026-07-28,44.8568,51.074,
2026-07-29,44.9277,51.0693,
2026-07-30,44.8789,51.0812,
2026-07-31,44.6916,51.2747,
2026-08-01,44.6916,51.2747,
2026-08-02,44.6916,51.2747,
2026-08-03,44.6395,51.2729,
2026-08-04,44.7876,51.6423,
2026-08-05,44.7488,51.5372,
2026-08-06,44.6895,51.6253,
2026-08-07,44.7626,51.6717,
2026-08-08,44.7626,51.6717,
2026-08-09,44.7626,51.6717,
2026-08-10,44.7579,51.6148,
2026-08-11,44.8305,51.7815,
2026-08-12,44.866,51.7597,
2026-08-13,44.7128,51.6191,
2026-08-14,44.6988,51.5543,
2026-08-15,44.6988,51.5543,
2026-08-16,44.6988,51.5543,
2026-08-17,44.7061,51.708,
2026-08-18,44.6938,51.8082,
2026-08-19,44.7756,51.8304,
2026-08-20,44.7006,51.8679,
2026-08-21,44.6144,52.1301,
2026-08-22,44.6144,52.1301,
2026-08-23,44.6144,52.1301,
2026-08-24,44.659,52.2492,
2026-08-25,44.7064,52.1594,
2026-08-26,44.6716,52.0898,
2026-08-27,44.5717,52.008,
2026-08-28,44.5445,51.8578,
2026-08-29,44.5445,51.8578,
2026-08-30,44.5445,51.8578,
2026-08-31,44.5505,51.8804,
2026-09-01,44.5249,51.6369,
2026-09-02,44.4553,51.5357,
2026-09-03,44.6093,51.6433,
2026-09-04,44.7273,51.9382,
2026-09-05,44.7273,51.9382,
2026-09-06,44.7273,51.9382,
2026-09-07,44.5616,51.7882,
2026-09-08,44.4654,51.6817,
2026-09-09,44.4694,51.6383,
2026-09-10,44.6462,51.9905,
2026-09-11,44.5526,51.7643,
2026-09-12,44.5526,51.7643,
2026-09-13,44.5526,51.7643,
2026-09-14,44.5483,51.6386,
2026-09-15,44.618,51.5231,
2026-09-16,44.639,51.513,
2026-09-17,44.6021,51.449,
2026-09-18,44.6648,51.2372,
2026-09-19,44.6648,51.2372,
