date,country_iso3,country,year,period_type,observation_status,fires,burnt_area_ha,source_url
2012-12-31,RUS,Russia,2012,full_year,annual_estimate,42620,25227614,https://gwis.jrc.ec.europa.eu/
2012-12-31,UKR,Ukraine,2012,full_year,annual_estimate,3286,602427,https://gwis.jrc.ec.europa.eu/
2013-12-31,RUS,Russia,2013,full_year,annual_estimate,23602,10342998,https://gwis.jrc.ec.europa.eu/
2013-12-31,UKR,Ukraine,2013,full_year,annual_estimate,2754,497448,https://gwis.jrc.ec.europa.eu/
2014-12-31,RUS,Russia,2014,full_year,annual_estimate,47983,19727598,https://gwis.jrc.ec.europa.eu/
2014-12-31,UKR,Ukraine,2014,full_year,annual_estimate,11219,2220204,https://gwis.jrc.ec.europa.eu/
2015-12-31,RUS,Russia,2015,full_year,annual_estimate,33788,14158508,https://gwis.jrc.ec.europa.eu/
2015-12-31,UKR,Ukraine,2015,full_year,annual_estimate,10164,2073143,https://gwis.jrc.ec.europa.eu/
2016-12-31,RUS,Russia,2016,full_year,annual_estimate,26105,15387969,https://gwis.jrc.ec.europa.eu/
2016-12-31,UKR,Ukraine,2016,full_year,annual_estimate,5657,1111447,https://gwis.jrc.ec.europa.eu/
2017-12-31,RUS,Russia,2017,full_year,annual_estimate,28855,11420047,https://gwis.jrc.ec.europa.eu/
2017-12-31,UKR,Ukraine,2017,full_year,annual_estimate,7728,1604514,https://gwis.jrc.ec.europa.eu/
2018-12-31,RUS,Russia,2018,full_year,annual_estimate,29238,14278359,https://gwis.jrc.ec.europa.eu/
2018-12-31,UKR,Ukraine,2018,full_year,annual_estimate,4622,751298,https://gwis.jrc.ec.europa.eu/
2019-12-31,RUS,Russia,2019,full_year,annual_estimate,31957,16182911,https://gwis.jrc.ec.europa.eu/
2019-12-31,UKR,Ukraine,2019,full_year,annual_estimate,5487,1071184,https://gwis.jrc.ec.europa.eu/
2020-12-31,RUS,Russia,2020,full_year,annual_estimate,33888,16405477,https://gwis.jrc.ec.europa.eu/
2020-12-31,UKR,Ukraine,2020,full_year,annual_estimate,5023,1103696,https://gwis.jrc.ec.europa.eu/
2021-12-31,RUS,Russia,2021,full_year,annual_estimate,25812,17344704,https://gwis.jrc.ec.europa.eu/
2021-12-31,UKR,Ukraine,2021,full_year,annual_estimate,1898,342302,https://gwis.jrc.ec.europa.eu/
2022-12-31,RUS,Russia,2022,full_year,annual_estimate,24182,10548753,https://gwis.jrc.ec.europa.eu/
2022-12-31,UKR,Ukraine,2022,full_year,annual_estimate,3461,706964,https://gwis.jrc.ec.europa.eu/
2023-12-31,RUS,Russia,2023,full_year,annual_estimate,19187,10326697,https://gwis.jrc.ec.europa.eu/
2023-12-31,UKR,Ukraine,2023,full_year,annual_estimate,2144,443762,https://gwis.jrc.ec.europa.eu/
2024-12-31,RUS,Russia,2024,full_year,annual_estimate,15622,12329566,https://gwis.jrc.ec.europa.eu/
2024-12-31,UKR,Ukraine,2024,full_year,annual_estimate,3152,811161,https://gwis.jrc.ec.europa.eu/
2025-12-31,RUS,Russia,2025,full_year,annual_estimate,12335,6982004,https://gwis.jrc.ec.europa.eu/
2025-12-31,UKR,Ukraine,2025,full_year,annual_estimate,2039,448378,https://gwis.jrc.ec.europa.eu/
2026-09-23,RUS,Russia,2026,year_to_date,year_to_date_estimate,12417,7566062,https://gwis.jrc.ec.europa.eu/
2026-09-23,UKR,Ukraine,2026,year_to_date,year_to_date_estimate,2396,486925,https://gwis.jrc.ec.europa.eu/
