date,country_iso3,country,year,week,observation_status,fires,burnt_area_ha,historical_average_fires,historical_average_burnt_area_ha,source_url
2026-01-07,RUS,Russia,2026,1,weekly_estimate,22,2261,30.93,5216.29,https://gwis.jrc.ec.europa.eu/
2026-01-07,UKR,Ukraine,2026,1,weekly_estimate,2,843,0.43,49.29,https://gwis.jrc.ec.europa.eu/
2026-01-14,RUS,Russia,2026,2,weekly_estimate,45,5199,31.93,4923.93,https://gwis.jrc.ec.europa.eu/
2026-01-14,UKR,Ukraine,2026,2,weekly_estimate,0,0,1.29,179.07,https://gwis.jrc.ec.europa.eu/
2026-01-21,RUS,Russia,2026,3,weekly_estimate,36,4326,29.71,4554.07,https://gwis.jrc.ec.europa.eu/
2026-01-21,UKR,Ukraine,2026,3,weekly_estimate,0,0,0.86,126.79,https://gwis.jrc.ec.europa.eu/
2026-01-28,RUS,Russia,2026,4,weekly_estimate,31,2919,38,6022.64,https://gwis.jrc.ec.europa.eu/
2026-01-28,UKR,Ukraine,2026,4,weekly_estimate,0,0,0.79,168.71,https://gwis.jrc.ec.europa.eu/
2026-02-04,RUS,Russia,2026,5,weekly_estimate,23,2466,35.21,6515.79,https://gwis.jrc.ec.europa.eu/
2026-02-04,UKR,Ukraine,2026,5,weekly_estimate,0,0,0.57,70.5,https://gwis.jrc.ec.europa.eu/
2026-02-11,RUS,Russia,2026,6,weekly_estimate,37,4157,51.57,10070.64,https://gwis.jrc.ec.europa.eu/
2026-02-11,UKR,Ukraine,2026,6,weekly_estimate,0,0,2.86,526.29,https://gwis.jrc.ec.europa.eu/
2026-02-18,RUS,Russia,2026,7,weekly_estimate,50,7672,77.57,20039.57,https://gwis.jrc.ec.europa.eu/
2026-02-18,UKR,Ukraine,2026,7,weekly_estimate,0,0,8.14,1352.07,https://gwis.jrc.ec.europa.eu/
2026-02-25,RUS,Russia,2026,8,weekly_estimate,66,12908,115.86,39909.57,https://gwis.jrc.ec.europa.eu/
2026-02-25,UKR,Ukraine,2026,8,weekly_estimate,0,0,14.93,2621.14,https://gwis.jrc.ec.europa.eu/
2026-03-04,RUS,Russia,2026,9,weekly_estimate,61,7833,166.29,47358.86,https://gwis.jrc.ec.europa.eu/
2026-03-04,UKR,Ukraine,2026,9,weekly_estimate,0,0,28.64,5445.57,https://gwis.jrc.ec.europa.eu/
2026-03-11,RUS,Russia,2026,10,weekly_estimate,78,22673,372.5,102117.93,https://gwis.jrc.ec.europa.eu/
2026-03-11,UKR,Ukraine,2026,10,weekly_estimate,23,4566,188.57,35421.07,https://gwis.jrc.ec.europa.eu/
2026-03-18,RUS,Russia,2026,11,weekly_estimate,237,54894,412.29,108813.36,https://gwis.jrc.ec.europa.eu/
2026-03-18,UKR,Ukraine,2026,11,weekly_estimate,45,7941,149.71,28413.71,https://gwis.jrc.ec.europa.eu/
2026-03-25,RUS,Russia,2026,12,weekly_estimate,148,38115,764.71,200206.43,https://gwis.jrc.ec.europa.eu/
2026-03-25,UKR,Ukraine,2026,12,weekly_estimate,16,3093,253.36,46237.57,https://gwis.jrc.ec.europa.eu/
2026-04-01,RUS,Russia,2026,13,weekly_estimate,313,105919,1147.21,352270.5,https://gwis.jrc.ec.europa.eu/
2026-04-01,UKR,Ukraine,2026,13,weekly_estimate,16,2848,218.79,41658.71,https://gwis.jrc.ec.europa.eu/
2026-04-08,RUS,Russia,2026,14,weekly_estimate,473,169683,1257.36,426230.93,https://gwis.jrc.ec.europa.eu/
2026-04-08,UKR,Ukraine,2026,14,weekly_estimate,15,2500,230.36,46977,https://gwis.jrc.ec.europa.eu/
2026-04-15,RUS,Russia,2026,15,weekly_estimate,339,115488,2250.79,814768.43,https://gwis.jrc.ec.europa.eu/
2026-04-15,UKR,Ukraine,2026,15,weekly_estimate,7,923,151,28833.43,https://gwis.jrc.ec.europa.eu/
2026-04-22,RUS,Russia,2026,16,weekly_estimate,436,114290,2336,872185.93,https://gwis.jrc.ec.europa.eu/
2026-04-22,UKR,Ukraine,2026,16,weekly_estimate,5,1061,55.57,14875.21,https://gwis.jrc.ec.europa.eu/
2026-04-29,RUS,Russia,2026,17,weekly_estimate,290,88699,2049.43,850338.57,https://gwis.jrc.ec.europa.eu/
2026-04-29,UKR,Ukraine,2026,17,weekly_estimate,4,611,52.43,11175.57,https://gwis.jrc.ec.europa.eu/
2026-05-06,RUS,Russia,2026,18,weekly_estimate,779,256026,1739.07,845713.36,https://gwis.jrc.ec.europa.eu/
2026-05-06,UKR,Ukraine,2026,18,weekly_estimate,39,15074,36.5,8046.57,https://gwis.jrc.ec.europa.eu/
2026-05-13,RUS,Russia,2026,19,weekly_estimate,571,442298,1297.29,680287.71,https://gwis.jrc.ec.europa.eu/
2026-05-13,UKR,Ukraine,2026,19,weekly_estimate,22,5577,20.5,3971.29,https://gwis.jrc.ec.europa.eu/
2026-05-20,RUS,Russia,2026,20,weekly_estimate,406,382431,714.86,376593.57,https://gwis.jrc.ec.europa.eu/
2026-05-20,UKR,Ukraine,2026,20,weekly_estimate,9,2332,8.86,1725.07,https://gwis.jrc.ec.europa.eu/
2026-05-27,RUS,Russia,2026,21,weekly_estimate,230,77275,445.07,233048.5,https://gwis.jrc.ec.europa.eu/
2026-05-27,UKR,Ukraine,2026,21,weekly_estimate,4,826,8.21,2012.64,https://gwis.jrc.ec.europa.eu/
2026-06-03,RUS,Russia,2026,22,weekly_estimate,75,16980,338.21,186398.14,https://gwis.jrc.ec.europa.eu/
2026-06-03,UKR,Ukraine,2026,22,weekly_estimate,2,526,6.36,1597.07,https://gwis.jrc.ec.europa.eu/
2026-06-10,RUS,Russia,2026,23,weekly_estimate,178,121978,319.29,204577.64,https://gwis.jrc.ec.europa.eu/
2026-06-10,UKR,Ukraine,2026,23,weekly_estimate,9,1501,13.57,3021.86,https://gwis.jrc.ec.europa.eu/
2026-06-17,RUS,Russia,2026,24,weekly_estimate,335,293370,352.29,351425.79,https://gwis.jrc.ec.europa.eu/
2026-06-17,UKR,Ukraine,2026,24,weekly_estimate,29,6149,8.57,1907.14,https://gwis.jrc.ec.europa.eu/
2026-06-24,RUS,Russia,2026,25,weekly_estimate,332,123964,520.43,602775.36,https://gwis.jrc.ec.europa.eu/
2026-06-24,UKR,Ukraine,2026,25,weekly_estimate,52,10545,10.07,1868.29,https://gwis.jrc.ec.europa.eu/
2026-07-01,RUS,Russia,2026,26,weekly_estimate,445,174277,588.21,674170.29,https://gwis.jrc.ec.europa.eu/
2026-07-01,UKR,Ukraine,2026,26,weekly_estimate,124,31173,20.86,4525.21,https://gwis.jrc.ec.europa.eu/
2026-07-08,RUS,Russia,2026,27,weekly_estimate,383,149684,614.43,675484.29,https://gwis.jrc.ec.europa.eu/
2026-07-08,UKR,Ukraine,2026,27,weekly_estimate,117,25268,71.07,15863.57,https://gwis.jrc.ec.europa.eu/
2026-07-15,RUS,Russia,2026,28,weekly_estimate,205,51219,659.14,980352.43,https://gwis.jrc.ec.europa.eu/
2026-07-15,UKR,Ukraine,2026,28,weekly_estimate,23,4700,145.93,31929.71,https://gwis.jrc.ec.europa.eu/
2026-07-22,RUS,Russia,2026,29,weekly_estimate,410,666255,697.79,816661.21,https://gwis.jrc.ec.europa.eu/
2026-07-22,UKR,Ukraine,2026,29,weekly_estimate,98,17793,260.29,53371.71,https://gwis.jrc.ec.europa.eu/
2026-07-29,RUS,Russia,2026,30,weekly_estimate,412,432504,813.71,821880.36,https://gwis.jrc.ec.europa.eu/
2026-07-29,UKR,Ukraine,2026,30,weekly_estimate,43,8673,333.57,68406.5,https://gwis.jrc.ec.europa.eu/
2026-08-05,RUS,Russia,2026,31,weekly_estimate,1100,1092371,850.93,603148.21,https://gwis.jrc.ec.europa.eu/
2026-08-05,UKR,Ukraine,2026,31,weekly_estimate,192,37647,367.64,76489.21,https://gwis.jrc.ec.europa.eu/
2026-08-12,RUS,Russia,2026,32,weekly_estimate,720,423723,817.64,388792.5,https://gwis.jrc.ec.europa.eu/
2026-08-12,UKR,Ukraine,2026,32,weekly_estimate,274,52136,364.36,72824.36,https://gwis.jrc.ec.europa.eu/
2026-08-19,RUS,Russia,2026,33,weekly_estimate,696,859872,647.29,282414.93,https://gwis.jrc.ec.europa.eu/
2026-08-19,UKR,Ukraine,2026,33,weekly_estimate,340,68966,225.71,46865.71,https://gwis.jrc.ec.europa.eu/
2026-08-26,RUS,Russia,2026,34,weekly_estimate,970,805525,513.36,184965.64,https://gwis.jrc.ec.europa.eu/
2026-08-26,UKR,Ukraine,2026,34,weekly_estimate,401,85074,177,36437.86,https://gwis.jrc.ec.europa.eu/
2026-09-02,RUS,Russia,2026,35,weekly_estimate,601,207598,453.64,141866.57,https://gwis.jrc.ec.europa.eu/
2026-09-02,UKR,Ukraine,2026,35,weekly_estimate,199,37675,159.93,34420,https://gwis.jrc.ec.europa.eu/
