date,personnel,boats,submarines,tanks,armoured_personnel_vehicles,artillery_systems,mlrs,vehicles,special_equipment,air_defence_systems,aircraft,helicopters,uav,unmanned_ground_vehicles,cruise_missiles
2022-02-24,800,0,0,30,130,0,0,0,0,0,7,6,0,0,0
2022-02-25,2200,0,0,70,410,0,0,0,0,0,9,12,0,0,0
2022-02-26,1500,2,0,50,166,50,4,0,0,1,11,8,2,0,0
2022-02-27,800,0,0,41,110,24,17,291,0,0,2,3,1,0,0
2022-02-28,410,0,0,7,30,3,3,14,0,6,0,0,0,0,0
2022-03-01,130,0,0,13,16,8,16,110,0,2,1,2,0,0,0
2022-03-02,3160,0,0,6,38,5,2,19,0,2,0,0,0,0,0
2022-03-03,166,0,0,34,39,15,8,30,0,7,7,6,0,0,0
2022-03-04,834,0,0,18,6,0,0,5,0,1,2,3,0,0,0
2022-03-05,1000,0,0,16,40,4,0,38,0,2,5,8,1,0,0
2022-03-06,0,1,0,5,14,8,0,7,0,2,2,20,3,0,0
2022-03-07,1000,0,0,13,37,3,6,20,0,4,2,12,0,0,0
2022-03-08,0,0,0,14,34,0,0,8,0,1,1,1,0,0,0
2022-03-09,0,0,0,18,35,3,0,44,0,1,0,0,0,0,0
2022-03-10,0,0,0,18,60,2,2,32,0,2,8,2,0,0,0
2022-03-11,0,0,0,9,40,10,4,27,0,2,1,0,0,0,0
2022-03-12,0,0,0,12,21,5,0,15,0,1,16,3,0,0,0
2022-03-13,0,0,0,15,23,10,2,17,0,0,3,4,1,0,0
2022-03-14,1500,0,0,15,30,0,0,23,0,2,4,5,1,0,0
2022-03-15,300,0,0,26,96,40,6,179,10,7,3,13,2,0,0
2022-03-16,200,0,0,14,60,11,2,45,0,0,2,0,0,0,0
2022-03-17,200,0,0,6,13,4,0,15,1,0,7,4,1,0,0
2022-03-18,200,0,0,16,22,8,0,35,0,1,2,3,5,0,0
2022-03-19,300,0,0,10,17,17,2,33,1,0,1,3,4,0,0
2022-03-20,300,0,0,22,48,10,6,22,1,1,1,3,3,0,0
2022-03-21,300,0,0,11,21,12,0,41,2,0,2,2,11,0,0
2022-03-22,300,1,0,8,22,15,0,8,0,2,2,1,7,0,0
2022-03-23,200,0,0,13,19,13,2,27,1,0,7,0,8,0,0
2022-03-24,300,1,0,31,28,11,8,56,2,2,7,1,3,0,0
2022-03-25,300,2,0,14,15,2,1,43,1,2,2,2,0,0,0
2022-03-26,200,0,0,7,24,1,2,13,2,1,4,0,3,0,0
2022-03-27,400,0,0,4,30,8,2,6,0,2,2,0,10,0,0
2022-03-28,200,0,0,11,16,1,1,28,0,0,4,2,5,0,0
2022-03-29,100,0,0,8,13,2,0,8,0,0,4,2,10,0,0
2022-03-30,200,0,0,9,12,6,0,17,1,0,4,0,2,0,0
2022-03-31,200,0,0,11,16,5,0,20,2,0,8,0,2,0,0
2022-04-01,100,0,0,6,25,1,4,16,0,0,0,3,2,0,0
2022-04-02,200,0,0,13,54,8,5,13,0,0,0,0,2,0,0
2022-04-03,300,0,0,3,14,5,2,24,1,0,4,0,3,0,0
2022-04-04,200,0,0,29,14,2,0,49,0,1,3,0,2,0,0
2022-04-05,100,0,0,8,3,0,0,2,0,0,0,1,2,0,0
2022-04-06,300,0,0,14,30,0,1,34,0,0,0,0,15,0,0
2022-04-07,100,0,0,2,0,1,0,3,0,0,0,0,1,0,0
2022-04-08,100,0,0,5,4,2,0,2,0,0,1,1,0,0,0
2022-04-09,200,0,0,17,16,7,0,21,0,0,1,1,0,0,0
2022-04-10,200,0,0,3,12,5,3,3,0,0,2,0,7,0,0
2022-04-11,100,0,0,7,23,2,0,19,0,8,3,3,5,0,0
2022-04-12,200,0,0,7,18,9,4,23,0,1,1,3,8,0,0
2022-04-13,100,0,0,14,4,8,7,8,0,0,2,1,2,0,0
2022-04-14,100,1,0,3,8,0,0,6,0,2,3,0,1,0,0
2022-04-15,100,0,0,6,6,5,3,15,1,0,0,1,3,0,0
2022-04-16,200,0,0,11,20,5,2,13,1,0,2,1,10,0,0
2022-04-17,300,0,0,17,39,5,3,16,0,1,2,1,7,0,0
2022-04-18,200,0,0,12,22,5,2,8,0,0,2,3,3,0,0
2022-04-19,100,0,0,13,24,5,4,9,0,0,2,0,7,0,0
2022-04-20,100,0,0,14,31,2,0,4,0,0,1,1,1,0,0
2022-04-21,200,0,0,9,44,4,2,15,0,2,4,2,6,0,0
2022-04-22,400,0,0,16,43,6,5,20,0,0,1,1,10,0,0
2022-04-23,200,0,0,19,33,5,4,14,1,0,2,0,9,0,0
2022-04-24,100,0,0,11,20,3,2,9,0,0,2,0,10,0,0
2022-04-25,200,0,0,34,50,5,0,77,3,0,3,0,4,0,0
2022-04-26,300,0,0,21,34,5,0,23,0,2,1,1,2,0,0
2022-04-27,400,0,0,31,47,10,2,22,0,1,2,0,8,0,0
2022-04-28,200,0,0,16,29,4,0,7,0,1,2,0,14,0,0
2022-04-29,200,0,0,22,27,1,0,6,1,4,1,0,3,0,0
2022-04-30,300,0,0,18,26,15,0,19,0,3,2,0,13,0,84
2022-05-01,300,0,0,22,48,8,1,28,6,0,2,0,26,0,0
2022-05-02,400,2,0,14,48,16,10,19,0,0,0,0,20,0,0
2022-05-03,300,0,0,15,43,16,1,24,0,1,0,0,12,0,3
2022-05-04,200,0,0,15,41,8,6,40,0,2,2,0,9,0,2
2022-05-05,200,1,0,18,35,3,2,19,0,0,3,0,12,0,1
2022-05-06,200,0,0,12,27,7,1,8,0,1,0,0,17,0,0
2022-05-07,400,1,0,8,28,0,7,27,1,2,0,1,19,0,2
2022-05-08,150,0,0,15,23,4,6,9,2,1,0,2,17,0,2
2022-05-09,350,0,0,25,44,6,0,10,0,0,0,0,3,0,0
2022-05-10,350,0,0,17,48,9,0,17,0,0,0,2,10,0,0
2022-05-11,300,1,0,8,17,6,6,22,0,0,0,1,8,0,0
2022-05-12,250,0,0,10,27,8,2,23,0,1,1,1,7,0,1
2022-05-13,300,0,0,13,34,9,2,17,1,0,0,1,6,0,0
2022-05-14,200,0,0,2,24,4,0,28,0,1,0,1,5,0,0
2022-05-15,300,0,0,8,16,22,0,14,0,0,0,1,11,0,2
2022-05-16,200,0,0,7,35,1,3,8,1,1,1,2,9,0,0
2022-05-17,400,0,0,16,34,8,1,28,0,1,1,0,5,0,5
2022-05-18,200,0,0,3,20,9,0,20,0,2,1,0,14,0,1
2022-05-19,200,0,0,9,27,1,1,5,0,0,1,1,5,0,0
2022-05-20,150,0,0,15,26,0,1,16,0,0,0,1,2,0,1
2022-05-21,200,0,0,7,25,3,0,16,0,0,0,1,8,0,3
2022-05-22,150,0,0,8,25,5,0,12,0,0,0,0,6,0,3
2022-05-23,150,0,0,9,28,2,0,7,0,0,1,0,4,0,2
2022-05-24,100,0,0,3,19,0,0,5,1,0,1,0,11,0,0
2022-05-25,150,0,0,10,22,11,0,7,3,0,0,0,11,0,2
2022-05-26,150,0,0,7,11,6,0,1,1,0,0,0,1,0,1
2022-05-27,250,0,0,8,12,5,2,0,0,0,1,4,0,0,1
2022-05-28,150,0,0,8,12,3,0,14,0,0,0,0,1,0,0
2022-05-29,200,0,0,11,12,12,2,18,0,0,0,0,3,0,2
2022-05-30,150,0,0,9,20,6,2,17,0,0,1,0,8,0,2
2022-05-31,200,0,0,3,41,10,0,15,1,1,0,1,4,0,0
2022-06-01,150,0,0,2,11,2,0,35,2,1,2,0,2,0,0
2022-06-02,100,0,0,4,12,14,0,4,0,0,0,0,14,0,1
2022-06-03,100,0,0,9,13,5,0,8,1,0,0,0,5,0,1
2022-06-04,100,0,0,5,13,6,0,23,1,0,0,0,8,0,0
2022-06-05,100,0,0,5,8,4,0,35,0,1,1,1,3,0,3
2022-06-06,110,0,0,4,16,4,0,10,0,0,1,1,2,0,0
2022-06-07,140,0,0,3,13,9,6,1,0,0,0,1,6,0,0
2022-06-08,200,0,0,5,9,8,0,15,0,0,0,0,3,0,0
2022-06-09,200,0,0,11,12,1,9,17,1,1,0,0,10,0,0
2022-06-10,150,0,0,10,16,0,0,10,0,0,0,0,7,0,0
2022-06-11,100,0,0,11,18,3,4,7,0,0,0,0,3,0,0
2022-06-12,150,0,0,2,8,3,0,5,0,0,1,0,3,0,0
2022-06-13,200,0,0,2,11,3,3,13,0,0,0,1,3,0,0
2022-06-14,250,0,0,6,25,1,1,12,1,0,0,0,3,0,4
2022-06-15,200,0,0,9,17,7,3,9,0,0,0,0,0,0,0
2022-06-16,200,0,0,7,18,5,0,2,0,0,2,1,2,0,0
2022-06-17,200,1,0,9,10,5,0,17,0,1,1,0,1,0,0
2022-06-18,250,0,0,3,4,6,2,10,0,0,0,1,4,0,1
2022-06-19,200,0,0,9,11,4,3,4,0,0,0,0,3,0,0
2022-06-20,300,0,0,19,18,3,1,10,4,0,0,0,10,0,7
2022-06-21,130,0,0,0,8,0,0,6,1,1,0,1,3,0,0
2022-06-22,200,0,0,8,18,4,1,5,0,0,0,1,6,0,0
2022-06-23,100,0,0,3,5,3,1,5,0,0,0,0,2,0,0
2022-06-24,170,0,0,4,8,5,0,7,0,0,1,1,4,0,0
2022-06-25,150,0,0,21,14,0,2,4,0,0,0,0,4,0,2
2022-06-26,150,0,0,20,28,7,0,11,0,2,0,0,6,0,0
2022-06-27,250,0,0,15,17,7,0,14,1,1,0,1,0,0,0
2022-06-28,200,0,0,5,16,3,3,9,0,1,0,0,4,0,3
2022-06-29,150,0,0,1,6,9,0,4,0,1,0,0,1,0,1
2022-06-30,150,1,0,4,10,6,0,8,0,1,0,1,4,0,0
2022-07-01,120,0,0,5,1,4,0,4,0,0,0,0,8,0,1
2022-07-02,100,0,0,2,7,1,0,4,3,0,0,1,1,0,0
2022-07-03,230,0,0,5,10,3,0,11,1,0,0,0,4,0,0
2022-07-04,150,0,0,5,18,2,1,5,0,0,0,0,2,0,0
2022-07-05,150,0,0,6,17,6,0,14,0,2,0,0,4,0,9
2022-07-06,150,0,0,2,8,3,0,17,1,0,0,0,3,0,2
2022-07-07,250,0,0,35,14,13,0,20,0,0,0,0,2,0,0
2022-07-08,300,0,0,1,4,4,0,2,0,1,0,0,5,0,0
2022-07-09,100,0,0,3,8,2,0,7,0,0,0,1,2,0,0
2022-07-10,100,0,0,4,5,4,0,2,0,1,0,0,0,0,0
2022-07-11,70,0,0,4,1,0,0,3,0,0,0,0,0,0,0
2022-07-12,100,0,0,0,3,1,0,5,1,0,0,0,2,0,0
2022-07-13,300,0,0,18,20,1,0,0,0,0,2,0,3,0,0
2022-07-14,130,0,0,5,14,2,0,27,0,0,1,0,0,0,0
2022-07-15,140,0,0,5,8,4,0,4,1,0,0,0,6,0,7
2022-07-16,160,0,0,7,5,0,1,11,0,1,0,0,1,0,4
2022-07-17,150,0,0,3,7,3,0,7,2,3,0,0,2,0,0
2022-07-18,100,0,0,4,6,2,0,14,0,0,0,0,3,0,1
2022-07-19,200,0,0,9,13,5,2,8,0,0,1,0,10,0,0
2022-07-20,100,0,0,4,7,3,1,6,2,0,0,0,7,0,0
2022-07-21,150,0,0,0,8,4,0,22,0,0,0,0,3,0,0
2022-07-22,240,0,0,4,9,1,2,17,0,0,0,0,1,0,0
2022-07-23,280,0,0,14,13,5,2,3,1,0,0,0,0,0,3
2022-07-24,180,0,0,8,8,7,2,9,0,3,1,0,5,0,4
2022-07-25,170,0,0,7,9,4,1,3,2,1,0,1,3,0,0
2022-07-26,200,0,0,1,12,3,0,12,0,0,0,1,4,0,0
2022-07-27,160,0,0,4,8,11,0,7,0,0,0,0,3,0,0
2022-07-28,270,0,0,7,8,6,0,16,2,0,0,0,2,0,0
2022-07-29,170,0,0,10,8,6,0,19,1,0,0,0,2,0,0
2022-07-30,160,0,0,4,9,10,1,13,2,0,1,0,2,0,0
2022-07-31,200,0,0,5,7,16,0,10,2,0,0,0,1,0,0
2022-08-01,140,0,0,0,3,4,0,2,0,0,0,1,3,0,0
2022-08-02,180,0,0,6,8,3,0,8,1,1,0,0,1,0,6
2022-08-03,150,0,0,15,4,7,1,38,0,0,0,0,2,0,2
2022-08-04,150,0,0,3,6,4,0,4,0,5,0,0,0,0,0
2022-08-05,250,0,0,10,19,5,0,6,2,4,0,0,2,0,0
2022-08-06,300,0,0,3,4,3,0,8,1,5,0,0,6,0,0
2022-08-07,140,0,0,6,15,2,1,15,0,0,0,1,4,0,0
2022-08-08,300,0,0,6,6,4,0,5,1,1,0,1,3,0,3
2022-08-09,160,0,0,15,10,7,0,7,2,0,9,0,9,0,0
2022-08-10,200,0,0,14,14,3,0,13,1,1,0,0,6,0,0
2022-08-11,200,0,0,3,8,1,0,3,0,2,1,0,6,0,0
2022-08-12,200,0,0,7,7,3,0,15,1,0,0,0,1,0,2
2022-08-13,150,0,0,8,11,2,0,3,0,0,0,1,5,0,0
2022-08-14,200,0,0,12,15,5,0,5,1,0,0,1,3,0,0
2022-08-15,150,0,0,4,11,4,2,5,0,0,0,1,3,0,3
2022-08-16,200,0,0,6,10,4,0,5,1,0,0,0,2,0,0
2022-08-17,200,0,0,3,17,17,2,7,0,0,1,1,1,0,0
2022-08-18,400,0,0,10,16,6,1,69,1,5,0,0,2,0,0
2022-08-19,200,0,0,8,17,2,0,7,3,0,0,0,8,0,0
2022-08-20,300,0,0,5,12,10,0,6,2,0,0,0,3,0,0
2022-08-21,200,0,0,7,6,4,0,6,0,4,0,1,9,0,4
2022-08-22,150,0,0,2,8,1,0,1,0,1,0,0,2,0,2
2022-08-23,150,0,0,3,5,3,0,10,0,1,0,1,2,0,0
2022-08-24,150,0,0,5,2,1,6,0,0,1,0,3,9,0,0
2022-08-25,400,0,0,7,6,3,0,2,0,0,0,0,6,0,0
2022-08-26,250,0,0,3,3,5,2,3,0,0,0,0,2,0,0
2022-08-27,250,0,0,3,3,5,0,6,0,0,0,0,2,0,0
2022-08-28,350,0,0,5,12,10,5,17,2,1,0,1,6,0,0
2022-08-29,450,0,0,7,25,19,3,29,2,2,0,1,3,0,0
2022-08-30,350,0,0,20,18,12,3,19,0,1,0,0,2,0,0
2022-08-31,450,0,0,23,33,24,2,3,1,1,0,1,2,0,0
2022-09-01,350,0,0,12,21,11,2,8,1,0,0,0,2,0,2
2022-09-02,350,0,0,25,37,8,4,21,0,0,1,0,11,0,5
2022-09-03,450,0,0,15,27,13,1,8,1,3,1,1,0,0,0
2022-09-04,300,0,0,19,29,10,0,10,1,0,0,0,3,0,2
2022-09-05,350,0,0,9,25,22,2,19,2,0,0,1,9,0,4
2022-09-06,460,0,0,20,36,15,4,15,0,0,1,1,4,0,5
2022-09-07,640,0,0,15,37,32,5,24,1,3,2,2,4,0,0
2022-09-08,650,0,0,10,18,11,1,55,4,0,0,1,4,0,0
2022-09-09,350,0,0,14,9,22,5,27,2,3,0,1,10,0,1
2022-09-10,400,0,0,18,33,4,0,19,1,0,3,1,4,0,1
2022-09-11,300,0,0,14,23,6,0,18,0,0,1,0,1,0,0
2022-09-12,350,0,0,7,22,10,0,6,0,3,1,0,1,0,17
2022-09-13,350,0,0,5,3,11,0,32,3,2,2,2,4,0,0
2022-09-14,200,0,0,13,17,5,0,21,0,0,4,0,0,0,0
2022-09-15,200,0,0,6,8,7,1,28,1,1,0,1,0,0,0
2022-09-16,200,0,0,3,11,4,0,21,0,0,1,0,3,0,3
2022-09-17,230,0,0,8,17,3,0,7,1,0,0,1,7,0,2
2022-09-18,170,0,0,2,2,4,0,3,3,0,0,0,2,0,0
2022-09-19,160,0,0,4,4,10,6,6,0,0,1,0,5,0,1
2022-09-20,300,0,0,11,24,17,0,23,0,0,1,0,7,0,0
2022-09-21,400,0,0,9,28,1,0,20,0,1,0,1,9,0,1
2022-09-22,550,0,0,18,20,14,8,29,1,1,1,1,9,0,0
2022-09-23,240,0,0,8,11,6,1,22,0,0,1,1,6,0,0
2022-09-24,400,0,0,13,25,7,1,20,4,1,4,0,10,0,1
2022-09-25,500,0,0,15,25,1,2,10,1,1,1,4,4,0,0
2022-09-26,550,0,0,16,24,9,1,19,0,3,1,0,7,0,0
2022-09-27,400,0,0,6,8,3,0,12,0,0,1,0,12,0,1
2022-09-28,430,0,0,13,20,4,0,9,0,0,0,0,6,0,4
2022-09-29,500,0,0,13,23,6,2,17,0,1,2,1,8,0,0
2022-09-30,530,0,0,16,17,6,3,18,0,0,0,1,6,0,0
2022-10-01,500,0,0,23,26,8,1,10,0,0,0,1,6,0,0
2022-10-02,320,0,0,3,16,0,1,15,0,0,1,1,11,0,0
2022-10-03,370,0,0,44,27,2,2,12,0,1,1,0,2,0,0
2022-10-04,200,0,0,11,20,7,1,18,1,0,0,4,4,0,0
2022-10-05,330,0,0,14,26,10,3,13,2,0,0,0,15,0,0
2022-10-06,350,0,0,17,29,31,0,8,1,0,0,1,20,0,0
2022-10-07,380,0,0,6,18,4,1,13,1,3,0,1,12,0,0
2022-10-08,440,0,0,14,22,18,3,15,0,0,0,1,7,0,1
2022-10-09,370,0,0,9,16,9,5,18,0,1,1,0,11,0,2
2022-10-10,240,0,0,9,7,10,0,8,0,0,1,0,17,0,46
2022-10-11,270,1,0,1,0,43,2,10,4,2,0,0,35,0,21
2022-10-12,420,0,0,6,11,17,2,9,0,0,0,5,33,0,0
2022-10-13,500,0,0,10,5,10,5,9,2,3,0,0,17,0,0
2022-10-14,400,0,0,3,7,16,3,7,0,0,0,2,11,0,0
2022-10-15,300,0,0,5,14,7,0,8,1,0,0,0,14,0,0
2022-10-16,320,0,0,8,12,10,1,10,1,1,0,0,17,0,0
2022-10-17,530,0,0,11,14,23,6,16,0,1,0,0,35,0,2
2022-10-18,430,0,0,6,16,15,0,14,2,1,1,0,10,0,5
2022-10-19,370,0,0,13,20,9,0,6,1,0,0,1,25,0,6
2022-10-20,100,0,0,6,3,2,0,1,0,0,0,0,14,0,0
2022-10-21,320,0,0,6,8,5,1,15,1,0,1,0,16,0,0
2022-10-22,400,0,0,5,18,14,1,18,0,0,0,2,20,0,21
2022-10-23,470,0,0,6,11,6,1,5,1,0,0,0,9,0,0
2022-10-24,480,0,0,21,26,1,2,10,0,1,1,3,2,0,0
2022-10-25,480,0,0,17,30,12,2,22,0,2,0,0,7,0,0
2022-10-26,320,0,0,3,13,4,0,2,1,0,0,1,19,0,1
2022-10-27,480,0,0,9,14,8,0,10,1,0,1,2,3,0,0
2022-10-28,550,0,0,19,23,10,1,19,1,3,1,1,5,0,0
2022-10-29,950,0,0,13,52,16,3,13,2,2,1,0,6,0,1
2022-10-30,620,0,0,14,32,4,0,8,0,0,1,1,1,0,0
2022-10-31,650,0,0,12,16,2,0,15,0,0,1,4,2,0,45
2022-11-01,800,0,0,16,24,3,4,10,0,1,1,1,23,0,0
2022-11-02,730,0,0,20,27,22,3,9,1,0,0,0,4,0,0
2022-11-03,840,0,0,16,28,17,1,12,0,3,0,0,8,0,0
2022-11-04,600,0,0,8,21,4,0,10,0,1,0,2,12,0,2
2022-11-05,490,0,0,7,10,5,0,7,0,0,0,0,3,0,0
2022-11-06,530,0,0,6,19,1,0,8,2,0,0,0,7,0,0
2022-11-07,710,0,0,15,24,9,0,17,2,1,1,0,4,0,0
2022-11-08,780,0,0,15,12,11,2,11,0,2,0,0,7,0,0
2022-11-09,740,0,0,3,16,3,0,15,0,0,0,0,16,0,0
2022-11-10,710,0,0,10,14,12,0,17,0,0,0,1,6,0,0
2022-11-11,810,0,0,24,34,12,0,20,1,0,0,0,1,0,0
2022-11-12,650,0,0,2,12,8,0,16,0,1,0,0,1,0,0
2022-11-13,510,0,0,8,6,2,0,21,0,0,0,0,2,0,0
2022-11-14,710,0,0,13,25,11,0,35,0,2,0,0,2,0,0
2022-11-15,630,0,0,10,24,10,0,9,0,1,0,0,14,0,75
2022-11-16,400,0,0,7,7,0,0,2,0,0,0,0,6,0,0
2022-11-17,350,0,0,1,4,5,0,4,1,0,0,0,5,0,6
2022-11-18,420,0,0,6,7,2,0,2,0,0,0,0,0,0,0
2022-11-19,330,0,0,1,2,1,0,3,0,0,0,0,1,0,0
2022-11-20,390,0,0,6,5,2,0,7,0,0,0,0,0,0,0
2022-11-21,400,0,0,3,5,12,2,15,0,0,0,0,0,0,0
2022-11-22,410,0,0,2,5,5,0,3,0,0,0,0,0,0,0
2022-11-23,310,0,0,1,7,2,0,4,0,0,0,0,10,0,51
2022-11-24,430,0,0,1,5,6,0,4,2,0,0,0,6,0,0
2022-11-25,560,0,0,2,4,1,0,2,0,0,0,0,1,0,0
2022-11-26,600,0,0,4,8,1,0,6,0,0,0,0,1,0,0
2022-11-27,590,0,0,3,5,2,0,4,0,0,0,0,0,0,0
2022-11-28,480,0,0,3,5,2,0,7,0,0,2,0,0,0,0
2022-11-29,500,0,0,3,6,1,0,6,0,1,0,0,7,0,0
2022-11-30,560,0,0,1,5,2,0,12,0,0,0,0,0,0,0
2022-12-01,650,0,0,1,6,1,0,23,0,0,0,1,2,0,0
2022-12-02,510,0,0,1,3,1,0,8,0,0,0,1,8,0,0
2022-12-03,550,0,0,5,6,2,0,7,0,0,1,0,1,0,0
2022-12-04,540,0,0,2,8,6,0,18,0,1,0,1,9,0,0
2022-12-05,510,0,0,5,5,1,0,8,0,0,0,0,5,0,61
2022-12-06,540,0,0,6,4,8,0,21,0,0,0,0,14,0,0
2022-12-07,340,0,0,2,2,2,0,2,1,0,0,0,2,0,0
2022-12-08,310,0,0,0,1,1,0,3,0,0,0,0,0,0,0
2022-12-09,370,0,0,3,5,1,2,4,3,0,0,0,0,0,0
2022-12-10,380,0,0,2,3,1,0,5,0,0,0,0,10,0,0
2022-12-11,620,0,0,24,8,1,0,4,2,0,0,0,4,0,0
2022-12-12,500,0,0,0,2,2,7,5,1,0,0,0,0,0,0
2022-12-13,740,0,0,4,7,0,0,13,1,0,0,0,0,0,0
2022-12-14,590,0,0,5,9,12,2,1,1,0,0,0,27,0,0
2022-12-15,680,0,0,5,6,3,4,0,0,0,0,0,4,0,0
2022-12-16,420,0,0,5,6,1,0,14,2,0,0,0,0,0,61
2022-12-17,590,0,0,2,5,1,0,2,0,0,0,0,1,0,0
2022-12-18,520,0,0,1,6,5,0,13,1,1,0,0,8,0,0
2022-12-19,430,0,0,7,5,7,0,7,2,0,0,2,23,0,0
2022-12-20,510,0,0,7,5,12,2,9,1,0,1,1,8,0,0
2022-12-21,660,0,0,1,2,6,1,7,0,0,1,0,5,0,0
2022-12-22,550,0,0,2,5,6,1,7,0,0,0,0,5,0,0
2022-12-23,480,0,0,1,8,4,4,5,0,0,0,0,8,0,0
2022-12-24,620,0,0,5,16,3,0,8,0,0,0,0,0,0,0
2022-12-25,550,0,0,5,7,5,0,12,0,0,0,0,1,0,0
2022-12-26,620,0,0,0,7,2,0,5,1,0,0,0,0,0,0
2022-12-27,550,0,0,1,13,1,0,8,0,0,0,0,0,0,0
2022-12-28,790,0,0,1,10,5,5,15,0,0,0,1,10,0,0
2022-12-29,690,0,0,8,12,6,0,8,1,0,0,0,23,0,58
2022-12-30,710,0,0,3,16,6,0,24,0,1,0,1,6,0,0
2022-12-31,760,0,0,2,9,5,0,13,1,0,0,0,46,0,12
2023-01-01,720,0,0,0,9,6,0,5,0,0,0,0,44,0,0
2023-01-02,750,0,0,5,7,6,1,10,0,1,0,1,3,0,0
2023-01-03,720,0,0,2,6,6,0,10,0,1,0,0,3,0,0
2023-01-04,810,0,0,3,2,12,2,14,1,0,1,1,2,0,0
2023-01-05,530,0,0,23,16,8,5,38,0,0,1,1,0,0,0
2023-01-06,490,0,0,2,1,3,0,1,0,2,0,0,0,0,0
2023-01-07,430,0,0,3,5,3,0,3,1,0,0,0,5,0,0
2023-01-08,590,0,0,11,17,4,3,8,0,0,0,3,7,0,0
2023-01-09,710,1,0,4,7,4,0,8,0,0,0,0,4,0,0
2023-01-10,490,0,0,10,5,5,3,9,1,0,0,0,2,0,0
2023-01-11,430,0,0,0,0,4,0,0,0,1,0,1,3,0,0
2023-01-12,740,0,0,4,8,4,0,7,0,0,1,0,0,0,0
2023-01-13,530,0,0,6,6,4,0,13,2,1,0,0,2,0,0
2023-01-14,630,0,0,2,10,4,0,0,1,0,0,0,5,0,26
2023-01-15,790,0,0,12,21,5,1,24,3,1,0,0,0,0,0
2023-01-16,870,0,0,3,11,5,3,7,0,0,0,0,0,0,0
2023-01-17,820,0,0,9,10,4,1,12,0,0,1,0,4,0,0
2023-01-18,760,0,0,6,10,14,0,7,0,0,0,1,6,0,0
2023-01-19,770,0,0,3,6,7,0,7,0,0,0,0,4,0,0
2023-01-20,860,0,0,1,15,6,1,15,3,0,0,0,5,0,0
2023-01-21,600,0,0,5,12,9,2,14,0,0,0,0,1,0,0
2023-01-22,720,1,0,5,8,2,2,4,0,0,0,0,2,0,0
2023-01-23,690,0,0,2,8,2,1,8,1,0,2,4,3,0,0
2023-01-24,910,0,0,9,23,6,2,23,0,0,1,0,5,0,0
2023-01-25,780,0,0,14,27,15,2,19,1,0,2,1,6,0,0
2023-01-26,850,0,0,7,6,11,0,15,4,1,0,1,33,0,47
2023-01-27,800,0,0,7,4,8,1,26,0,0,1,1,6,0,0
2023-01-28,650,0,0,8,22,7,0,10,0,0,0,0,0,0,0
2023-01-29,490,0,0,4,3,1,0,4,0,0,0,0,0,0,0
2023-01-30,850,0,0,0,9,1,1,7,1,0,0,0,4,0,0
2023-01-31,920,0,0,8,4,10,4,13,0,0,0,0,0,0,0
2023-02-01,610,0,0,2,0,5,0,3,0,1,0,0,0,0,0
2023-02-02,840,0,0,4,6,3,2,4,2,0,1,0,1,0,0
2023-02-03,720,0,0,3,6,5,0,13,1,3,0,0,4,0,0
2023-02-04,700,0,0,2,11,6,0,10,0,2,0,0,2,0,0
2023-02-05,870,0,0,11,10,5,1,13,0,0,0,0,0,0,0
2023-02-06,1030,0,0,14,28,1,0,3,5,0,0,0,0,0,0
2023-02-07,910,0,0,8,15,4,0,5,3,1,1,1,3,0,0
2023-02-08,910,0,0,2,10,8,2,9,0,4,0,0,6,0,0
2023-02-09,730,0,0,3,3,7,0,5,0,1,0,1,3,0,0
2023-02-10,1140,0,0,9,3,19,0,8,3,1,0,0,27,0,61
2023-02-11,900,0,0,13,14,17,2,14,1,0,1,0,10,0,0
2023-02-12,560,0,0,3,4,3,0,2,2,0,0,0,0,0,0
2023-02-13,740,0,0,3,8,9,1,5,1,0,2,0,4,0,0
2023-02-14,690,0,0,4,7,4,0,6,1,2,0,0,0,0,0
2023-02-15,690,0,0,6,10,3,0,6,0,3,0,1,1,0,0
2023-02-16,800,0,0,2,3,16,1,20,2,2,0,0,1,0,14
2023-02-17,1010,0,0,5,13,4,2,9,2,2,0,0,3,0,0
2023-02-18,590,0,0,7,12,1,0,0,1,0,0,0,0,0,2
2023-02-19,820,0,0,6,8,7,2,13,1,0,1,0,2,0,0
2023-02-20,760,0,0,10,9,4,0,1,1,0,0,0,5,0,0
2023-02-21,620,0,0,8,7,7,0,2,0,0,0,0,3,0,0
2023-02-22,790,0,0,16,24,7,0,3,2,1,0,0,3,0,0
2023-02-23,970,0,0,13,7,11,3,9,1,3,0,0,4,0,0
2023-02-24,650,0,0,12,9,10,1,11,1,0,0,1,2,0,0
2023-02-25,660,0,0,6,6,7,0,7,0,0,0,0,2,0,0
2023-02-26,560,0,0,4,6,0,0,6,0,0,1,0,11,0,0
2023-02-27,550,0,0,3,9,3,3,4,0,0,0,0,3,0,0
2023-02-28,650,0,0,7,8,10,1,5,0,0,0,0,4,0,0
2023-03-01,715,0,0,2,20,5,1,7,0,0,0,0,3,0,0
2023-03-02,765,0,0,8,15,4,4,17,0,0,1,1,3,0,0
2023-03-03,820,0,0,4,10,12,3,8,0,0,1,0,5,0,0
2023-03-04,930,0,0,5,9,12,1,10,2,1,0,0,5,0,0
2023-03-05,650,0,0,9,11,7,0,8,2,2,0,0,15,0,0
2023-03-06,1060,0,0,9,11,23,0,16,2,3,1,0,9,0,0
2023-03-07,700,0,0,4,9,7,0,7,0,0,0,0,3,0,0
2023-03-08,590,0,0,5,13,2,0,1,1,1,0,0,0,0,0
2023-03-09,870,0,0,7,6,10,3,6,3,2,1,0,9,0,34
2023-03-10,1010,0,0,10,20,8,2,7,2,1,0,0,1,0,0
2023-03-11,1090,0,0,8,7,4,0,4,0,2,0,0,0,0,0
2023-03-12,710,0,0,8,5,16,0,6,9,0,0,0,1,0,0
2023-03-13,740,0,0,10,15,16,2,13,5,1,0,0,11,0,0
2023-03-14,980,0,0,8,10,9,7,10,1,2,0,0,12,0,0
2023-03-15,1040,0,0,12,11,11,1,17,0,3,1,0,13,0,0
2023-03-16,760,0,0,2,13,13,1,7,1,0,0,1,0,0,0
2023-03-17,880,0,0,5,7,8,2,3,1,0,0,0,14,0,0
2023-03-18,710,0,0,21,23,8,1,4,3,3,0,0,0,0,0
2023-03-19,700,0,0,5,16,9,0,8,3,2,0,0,1,0,0
2023-03-20,960,0,0,15,10,9,0,12,1,0,0,0,7,0,0
2023-03-21,920,0,0,5,8,3,2,6,4,2,0,0,16,0,2
2023-03-22,660,0,0,13,11,19,2,18,3,1,0,0,20,0,0
2023-03-23,1020,0,0,4,23,8,0,12,4,3,0,0,5,0,2
2023-03-24,720,0,0,6,11,7,9,19,2,0,0,1,6,0,0
2023-03-25,660,0,0,15,15,8,2,3,3,1,0,0,2,0,0
2023-03-26,610,0,0,0,6,7,1,7,3,0,0,0,0,0,0
2023-03-27,570,0,0,7,13,15,2,9,2,0,0,0,19,0,0
2023-03-28,610,0,0,7,0,6,1,5,1,0,1,0,4,0,0
2023-03-29,560,0,0,1,8,12,0,11,3,1,0,0,0,0,0
2023-03-30,460,0,0,5,3,4,0,3,3,0,0,0,9,0,0
2023-03-31,630,0,0,1,4,8,1,7,2,1,0,0,0,0,0
2023-04-01,560,0,0,2,5,4,0,9,0,0,0,0,1,0,0
2023-04-02,610,0,0,1,7,7,0,16,2,1,0,0,13,0,0
2023-04-03,530,0,0,8,6,3,1,9,0,0,0,0,15,0,0
2023-04-04,550,0,0,2,6,10,4,11,1,0,0,0,6,0,0
2023-04-05,390,0,0,2,8,7,0,1,3,1,0,1,4,0,0
2023-04-06,480,0,0,2,3,8,1,13,2,0,0,0,4,0,0
2023-04-07,570,0,0,3,4,5,0,12,0,1,1,0,7,0,0
2023-04-08,470,0,0,0,4,13,0,3,5,0,0,0,14,0,0
2023-04-09,670,0,0,1,4,10,1,5,2,0,0,0,11,0,0
2023-04-10,500,0,0,7,10,15,1,13,5,0,0,1,9,0,0
2023-04-11,730,0,0,2,5,5,0,10,3,0,0,0,2,0,0
2023-04-12,540,0,0,0,10,7,0,7,1,1,0,0,5,0,0
2023-04-13,500,0,0,4,16,7,0,3,1,0,0,0,0,0,0
2023-04-14,460,0,0,3,4,1,0,6,3,0,0,0,0,0,0
2023-04-15,520,0,0,4,10,10,3,12,2,1,1,0,0,0,0
2023-04-16,590,0,0,3,4,9,0,14,2,1,0,0,8,0,0
2023-04-17,470,0,0,1,11,6,0,4,2,0,0,0,6,0,0
2023-04-18,620,0,0,4,12,9,0,16,0,0,0,0,23,0,0
2023-04-19,670,0,0,2,10,6,1,15,2,0,0,0,10,0,0
2023-04-20,630,0,0,1,6,2,0,6,2,0,0,0,8,0,0
2023-04-21,680,0,0,4,4,5,0,5,3,4,0,0,4,0,0
2023-04-22,690,0,0,3,1,5,0,12,2,0,0,1,4,0,0
2023-04-23,660,0,0,8,8,12,0,23,0,0,0,0,11,0,0
2023-04-24,690,0,0,5,12,14,0,31,6,2,0,0,24,0,0
2023-04-25,640,0,0,4,11,14,0,8,7,1,0,0,3,0,0
2023-04-26,510,0,0,2,16,10,3,13,0,1,0,0,21,0,0
2023-04-27,540,0,0,0,3,18,1,14,1,1,0,0,6,0,0
2023-04-28,580,0,0,3,3,3,0,17,2,0,0,0,4,0,21
2023-04-29,470,0,0,2,5,6,1,6,2,1,0,0,4,0,0
2023-04-30,450,0,0,1,3,7,0,3,2,0,0,0,1,0,0
2023-05-01,460,0,0,1,1,9,0,6,1,3,0,0,1,0,15
2023-05-02,520,0,0,1,6,16,0,14,3,2,0,0,28,0,0
2023-05-03,650,0,0,5,17,16,3,21,7,4,0,0,18,0,0
2023-05-04,620,0,0,3,8,16,3,30,3,0,0,0,17,0,0
2023-05-05,560,0,0,7,14,14,2,20,2,2,0,0,14,0,0
2023-05-06,660,0,0,6,10,18,2,16,5,0,0,0,18,0,0
2023-05-07,540,0,0,7,5,8,0,6,4,0,0,0,42,0,0
2023-05-08,650,0,0,4,4,13,0,11,4,1,0,0,4,0,8
2023-05-09,690,0,0,2,18,8,1,5,1,1,0,0,6,0,15
2023-05-10,610,0,0,4,12,14,2,10,2,2,0,0,3,0,0
2023-05-11,750,0,0,5,8,15,2,12,2,2,0,0,9,0,0
2023-05-12,590,0,0,6,12,27,2,15,9,2,0,0,29,0,0
2023-05-13,620,0,0,5,18,21,1,7,2,0,0,0,31,0,0
2023-05-14,580,0,0,3,11,21,0,16,3,2,0,0,24,0,3
2023-05-15,520,0,0,3,12,13,0,14,3,0,0,0,12,0,0
2023-05-16,610,0,0,9,17,16,0,19,7,2,0,0,16,0,9
2023-05-17,510,0,0,2,8,32,1,6,1,0,0,0,11,0,8
2023-05-18,660,0,0,4,4,12,1,10,1,1,0,0,10,0,21
2023-05-19,670,0,0,3,5,19,0,20,4,6,0,0,32,0,0
2023-05-20,730,0,0,2,16,29,0,12,2,2,0,0,21,0,0
2023-05-21,720,0,0,2,9,20,1,14,2,0,1,0,8,0,0
2023-05-22,480,0,0,3,12,40,0,10,6,0,0,1,34,0,4
2023-05-23,400,0,0,3,5,21,5,7,7,0,0,1,7,0,0
2023-05-24,500,0,0,3,8,20,0,2,4,0,0,0,36,0,0
2023-05-25,460,0,0,1,3,25,0,13,2,1,1,0,3,0,0
2023-05-26,480,0,0,0,14,30,4,22,3,1,3,2,80,0,41
2023-05-27,400,0,0,3,7,11,0,9,2,0,0,0,3,0,0
2023-05-28,430,0,0,4,11,10,1,15,2,2,0,0,61,0,0
2023-05-29,410,0,0,1,2,10,0,12,1,1,0,0,38,0,51
2023-05-30,470,0,0,0,3,15,0,11,0,1,0,0,32,0,0
2023-05-31,460,0,0,2,6,14,0,9,4,0,0,0,7,0,0
2023-06-01,540,0,0,15,12,27,0,28,7,2,0,0,6,0,10
2023-06-02,560,0,0,10,12,32,7,22,10,7,0,0,28,0,15
2023-06-03,470,0,0,8,10,22,1,16,4,2,0,0,10,0,0
2023-06-04,410,0,0,11,11,12,1,7,5,5,0,0,14,0,4
2023-06-05,800,0,0,12,20,36,6,20,5,2,0,1,23,0,35
2023-06-06,880,0,0,13,17,37,4,17,3,1,1,0,7,0,0
2023-06-07,730,0,0,18,16,28,1,35,8,3,0,0,15,0,0
2023-06-08,1010,0,0,10,24,34,4,26,2,4,0,0,13,0,0
2023-06-09,890,0,0,8,7,15,1,18,5,3,0,0,16,0,5
2023-06-10,980,0,0,17,24,19,1,33,2,0,0,0,37,0,7
2023-06-11,540,0,0,5,5,10,0,10,1,0,0,0,7,0,0
2023-06-12,470,0,0,4,6,20,0,2,1,1,0,1,2,0,0
2023-06-13,680,0,0,8,11,17,2,9,5,1,0,0,15,0,13
2023-06-14,580,0,0,12,14,10,1,24,3,0,0,1,9,0,3
2023-06-15,590,0,0,10,16,19,2,13,0,0,0,0,24,0,0
2023-06-16,670,0,0,12,23,22,3,38,1,0,0,1,7,0,12
2023-06-17,650,0,0,7,23,13,1,14,2,0,0,2,7,0,0
2023-06-18,630,0,0,5,6,18,0,42,4,6,0,1,12,0,0
2023-06-19,1010,0,0,8,15,23,4,32,5,2,0,1,10,0,3
2023-06-20,540,0,0,9,21,32,1,22,8,3,0,0,35,0,0
2023-06-21,650,0,0,7,12,21,2,11,0,1,0,1,10,0,0
2023-06-22,680,0,0,4,15,44,0,30,6,3,0,0,9,0,0
2023-06-23,580,0,0,7,6,30,2,23,3,4,0,1,13,0,14
2023-06-24,720,0,0,6,2,19,5,4,4,2,0,0,12,0,31
2023-06-25,950,0,0,1,14,21,0,16,5,0,0,0,10,0,0
2023-06-26,590,0,0,5,14,28,2,21,6,1,0,0,10,0,2
2023-06-27,930,0,0,0,13,6,1,2,0,1,0,0,7,0,0
2023-06-28,680,0,0,2,10,27,0,6,6,1,1,0,14,0,0
2023-06-29,560,0,0,3,6,11,3,5,0,1,0,0,6,0,0
2023-06-30,530,0,0,1,5,35,2,9,11,0,0,0,26,0,0
2023-07-01,790,0,0,10,20,26,5,22,3,1,0,0,12,0,0
2023-07-02,600,0,0,5,11,32,4,18,7,1,0,1,16,0,3
2023-07-03,770,0,0,2,9,32,6,9,0,3,0,0,29,0,0
2023-07-04,670,0,0,3,9,36,9,22,8,1,0,0,12,0,0
2023-07-05,600,0,0,6,15,22,1,23,7,9,0,0,21,0,0
2023-07-06,510,0,0,2,12,20,1,10,7,4,0,0,17,0,7
2023-07-07,630,0,0,4,9,16,3,16,7,2,0,0,14,0,0
2023-07-08,600,0,0,4,11,20,7,15,9,3,0,0,19,0,0
2023-07-09,440,0,0,7,2,5,0,8,4,1,0,0,1,0,0
2023-07-10,540,0,0,4,17,14,4,29,8,0,0,1,7,0,0
2023-07-11,510,0,0,1,7,17,2,12,7,1,0,0,33,0,0
2023-07-12,510,0,0,2,9,23,4,17,5,6,0,0,26,0,0
2023-07-13,550,0,0,5,9,24,2,24,10,2,0,0,31,0,2
2023-07-14,590,0,0,5,11,14,0,17,2,2,0,0,24,0,0
2023-07-15,500,0,0,5,7,18,1,8,2,0,0,0,13,0,0
2023-07-16,620,0,0,8,8,23,4,15,11,3,0,0,8,0,0
2023-07-17,710,0,0,4,17,38,4,27,0,0,0,0,11,0,0
2023-07-18,470,0,0,4,8,31,0,19,6,2,0,0,46,0,6
2023-07-19,530,0,0,6,6,19,3,29,2,3,0,0,33,0,14
2023-07-20,680,0,0,4,15,18,0,11,1,7,0,0,15,0,5
2023-07-21,640,0,0,7,16,19,1,14,5,8,0,0,11,0,0
2023-07-22,630,0,0,11,9,29,4,13,5,3,0,0,14,0,0
2023-07-23,660,0,0,11,13,17,0,10,2,1,0,0,5,0,9
2023-07-24,600,0,0,12,13,30,1,12,5,2,0,0,14,0,0
2023-07-25,460,0,0,3,5,22,0,17,5,3,0,1,16,0,0
2023-07-26,590,0,0,9,11,18,0,18,0,0,0,0,3,0,40
2023-07-27,560,0,0,4,14,30,0,11,1,1,0,0,11,0,0
2023-07-28,390,0,0,1,6,11,0,7,1,0,0,0,0,0,0
2023-07-29,480,0,0,14,11,9,0,28,1,1,0,0,4,0,0
2023-07-30,490,0,0,6,10,21,1,17,4,1,0,0,6,0,0
2023-07-31,500,0,0,5,17,23,0,32,3,2,0,0,10,0,0
2023-08-01,540,0,0,1,8,27,1,25,0,1,0,0,15,0,0
2023-08-02,620,0,0,7,21,26,4,23,3,2,0,0,35,0,0
2023-08-03,640,0,0,4,15,19,0,20,3,1,0,0,27,0,0
2023-08-04,620,0,0,4,2,32,0,30,6,0,0,0,12,0,0
2023-08-05,590,0,0,5,11,22,1,19,4,0,0,0,10,0,12
2023-08-06,540,0,0,7,8,12,4,10,1,1,0,0,28,0,18
2023-08-07,560,0,0,10,8,19,0,9,2,1,0,1,4,0,0
2023-08-08,820,0,0,8,12,17,2,19,5,1,0,0,17,0,0
2023-08-09,580,0,0,16,13,15,0,16,4,0,0,1,4,0,0
2023-08-10,580,0,0,12,15,15,2,16,10,2,0,0,18,0,0
2023-08-11,510,0,0,5,6,10,0,12,3,1,0,0,4,0,1
2023-08-12,560,0,0,3,11,19,0,20,1,5,0,0,3,0,1
2023-08-13,530,0,0,8,19,27,1,19,6,2,0,0,9,0,0
2023-08-14,540,0,0,7,16,29,0,22,3,3,0,1,29,0,8
2023-08-15,650,0,0,11,10,24,0,30,4,3,0,0,6,0,17
2023-08-16,480,0,0,5,18,17,0,27,0,1,0,0,24,0,2
2023-08-17,460,0,0,3,12,24,0,17,10,0,0,2,4,0,0
2023-08-18,500,0,0,8,14,19,0,7,2,0,0,0,6,0,0
2023-08-19,460,0,0,6,11,33,3,15,5,3,0,0,22,0,0
2023-08-20,460,0,0,12,14,19,2,12,4,0,0,0,5,0,0
2023-08-21,410,0,0,4,27,31,2,30,3,2,0,0,3,0,0
2023-08-22,480,0,0,11,12,23,1,23,3,0,0,0,12,0,0
2023-08-23,340,0,0,2,23,15,1,28,1,3,0,0,20,0,0
2023-08-24,470,0,0,3,10,28,1,17,1,1,0,0,12,0,3
2023-08-25,640,0,0,12,18,18,2,33,2,2,0,0,11,0,2
2023-08-26,550,0,0,6,15,24,2,31,4,1,0,0,11,0,0
2023-08-27,490,0,0,4,8,22,2,12,1,1,0,0,5,0,4
2023-08-28,530,0,0,14,17,25,3,43,11,1,0,0,4,0,4
2023-08-29,570,0,0,9,17,26,0,44,5,0,0,0,8,0,0
2023-08-30,610,0,0,13,8,31,1,23,5,0,0,0,22,0,26
2023-08-31,470,0,0,23,9,23,1,33,1,0,0,0,4,0,0
2023-09-01,570,0,0,12,24,30,1,34,4,1,0,0,12,0,2
2023-09-02,600,0,0,5,12,22,3,59,6,1,0,0,11,0,0
2023-09-03,460,1,0,4,14,29,2,47,6,1,0,0,37,0,0
2023-09-04,560,0,0,9,7,38,6,26,4,1,0,0,31,0,0
2023-09-05,610,0,0,8,12,36,1,15,1,1,0,0,7,0,0
2023-09-06,610,0,0,9,21,37,5,27,7,1,0,0,22,0,8
2023-09-07,640,0,0,23,23,31,1,47,1,1,0,0,29,0,0
2023-09-08,600,0,0,15,13,36,3,34,10,1,0,0,18,0,0
2023-09-09,490,0,0,10,16,22,3,40,2,1,0,0,5,0,0
2023-09-10,580,0,0,6,12,28,0,32,5,3,0,0,35,0,0
2023-09-11,550,0,0,8,11,33,4,43,4,3,0,0,17,0,0
2023-09-12,590,0,0,16,14,30,2,31,3,2,0,0,5,0,0
2023-09-13,620,1,1,15,18,42,3,14,5,0,0,0,47,0,0
2023-09-14,470,0,0,13,4,28,5,34,0,4,0,0,17,0,0
2023-09-15,350,0,0,4,10,16,0,33,2,0,0,0,24,0,0
2023-09-16,530,0,0,4,4,15,2,12,5,2,0,0,4,0,0
2023-09-17,620,0,0,3,6,24,0,34,5,2,0,0,27,0,7
2023-09-18,520,0,0,5,17,35,2,30,2,1,0,0,15,0,17
2023-09-19,520,0,0,7,17,34,1,32,3,0,0,0,37,0,0
2023-09-20,490,0,0,3,15,41,2,37,5,2,0,0,29,0,0
2023-09-21,480,0,0,6,8,40,4,20,1,0,0,0,8,0,38
2023-09-22,510,0,0,11,21,33,4,26,0,2,0,0,9,0,1
2023-09-23,390,0,0,7,2,23,0,18,2,1,0,0,21,0,0
2023-09-24,420,0,0,5,13,27,2,12,4,2,0,0,7,0,0
2023-09-25,400,0,0,5,19,39,1,17,7,0,0,0,29,0,11
2023-09-26,320,0,0,3,4,38,0,29,2,1,0,0,24,0,0
2023-09-27,330,0,0,4,12,38,1,23,2,1,0,0,9,0,0
2023-09-28,340,0,0,8,10,34,1,21,1,1,0,0,34,0,0
2023-09-29,470,0,0,4,12,38,2,18,2,1,0,0,15,0,0
2023-09-30,440,0,0,11,7,30,2,29,1,0,0,0,37,0,0
2023-10-01,510,0,0,15,9,48,3,26,5,3,0,0,18,0,0
2023-10-02,360,0,0,15,8,40,0,23,5,0,0,0,19,0,0
2023-10-03,450,0,0,13,18,47,1,30,3,0,0,0,41,0,1
2023-10-04,580,0,0,12,26,31,2,18,2,0,0,0,0,0,0
2023-10-05,620,0,0,20,30,23,2,35,3,0,0,0,29,0,0
2023-10-06,610,0,0,23,20,22,2,58,5,1,0,0,27,0,0
2023-10-07,580,0,0,21,21,17,0,38,3,1,0,0,5,0,0
2023-10-08,350,0,0,2,3,1,0,2,0,1,0,0,0,0,0
2023-10-09,450,0,0,6,3,7,0,12,2,1,0,0,17,0,0
2023-10-10,820,0,0,34,91,18,1,20,4,1,1,0,19,0,0
2023-10-11,990,0,0,42,44,32,2,25,1,0,0,0,21,0,1
2023-10-12,1030,0,0,26,49,44,0,33,1,1,0,0,17,0,0
2023-10-13,970,0,0,9,24,26,0,22,4,1,1,0,1,0,0
2023-10-14,880,0,0,8,25,33,2,24,5,0,0,0,4,0,0
2023-10-15,860,0,0,17,23,44,1,22,5,0,1,1,11,0,0
2023-10-16,800,0,0,14,20,26,0,22,1,0,0,0,11,0,2
2023-10-17,620,0,0,2,15,8,0,10,0,0,1,6,10,0,1
2023-10-18,630,0,0,11,17,39,4,34,3,1,1,1,17,0,0
2023-10-19,1380,0,0,55,120,29,4,33,0,0,0,0,8,0,1
2023-10-20,790,0,0,16,55,5,0,21,5,0,0,0,4,0,0
2023-10-21,980,0,0,18,19,15,3,13,1,1,0,0,9,0,0
2023-10-22,870,0,0,12,22,25,0,15,7,2,0,0,6,0,1
2023-10-23,810,0,0,12,16,24,3,28,8,1,0,0,18,0,1
2023-10-24,800,0,0,7,28,44,5,27,1,2,0,0,9,0,1
2023-10-25,810,0,0,29,18,30,1,33,3,2,0,0,17,0,0
2023-10-26,560,0,0,4,11,7,0,6,1,0,0,0,1,0,0
2023-10-27,740,0,0,22,23,18,0,11,0,2,0,0,9,0,3
2023-10-28,660,0,0,8,9,8,0,8,1,0,0,0,0,0,3
2023-10-29,860,0,0,15,17,14,0,23,2,1,1,0,20,0,0
2023-10-30,870,0,0,21,29,25,10,35,2,3,0,0,21,0,2
2023-10-31,680,0,0,12,30,23,2,34,3,1,0,0,36,0,1
2023-11-01,930,0,0,18,43,42,4,34,13,3,1,0,20,0,2
2023-11-02,850,0,0,24,24,36,4,33,2,0,0,0,7,0,2
2023-11-03,830,0,0,11,38,35,7,25,4,2,0,0,39,0,0
2023-11-04,990,0,0,8,14,12,6,14,9,2,0,0,0,0,3
2023-11-05,880,0,0,4,5,14,0,14,0,0,0,0,20,0,2
2023-11-06,890,0,0,5,16,21,2,23,2,0,0,0,3,0,0
2023-11-07,780,0,0,8,22,29,3,47,5,2,0,0,10,0,0
2023-11-08,1080,0,0,15,18,36,3,39,5,5,0,0,26,0,1
2023-11-09,800,0,0,1,3,14,2,23,1,1,0,0,2,0,1
2023-11-10,1130,2,0,25,24,38,2,49,9,1,0,0,25,0,1
2023-11-11,1100,0,0,7,32,32,2,19,9,1,0,0,12,0,1
2023-11-12,800,0,0,5,6,10,0,5,1,0,0,0,2,0,1
2023-11-13,920,0,0,8,7,20,1,24,2,0,0,0,15,0,0
2023-11-14,820,0,0,15,18,58,2,47,2,2,1,0,26,0,1
2023-11-15,1330,0,0,11,17,36,8,40,1,3,0,0,14,0,1
2023-11-16,1140,0,0,27,11,29,3,17,2,0,0,0,20,0,0
2023-11-17,620,0,0,7,9,14,1,14,4,1,0,0,17,0,0
2023-11-18,1190,0,0,13,25,18,2,29,6,2,0,0,29,0,0
2023-11-19,640,0,0,4,2,4,1,7,1,0,0,0,9,0,0
2023-11-20,610,0,0,0,6,4,0,7,1,0,0,0,7,0,1
2023-11-21,850,0,0,7,14,17,0,25,7,1,0,0,13,0,0
2023-11-22,1130,0,0,20,36,33,3,39,2,2,0,0,15,0,0
2023-11-23,1100,0,0,30,32,31,2,32,1,4,0,0,1,0,0
2023-11-24,860,0,0,6,7,18,1,29,4,1,0,0,8,0,1
2023-11-25,1070,0,0,11,16,23,2,29,1,1,0,0,93,0,0
2023-11-26,750,0,0,7,3,1,0,11,0,0,0,0,4,0,0
2023-11-27,860,0,0,3,3,1,0,3,0,0,0,0,0,0,0
2023-11-28,1140,0,0,15,27,32,3,46,8,3,0,0,39,0,2
2023-11-29,1180,0,0,13,28,1,0,13,3,0,0,0,10,0,0
2023-11-30,1280,0,0,13,32,22,2,38,13,2,0,0,22,0,0
2023-12-01,1070,0,0,7,13,10,1,11,1,0,0,0,18,0,1
2023-12-02,930,0,0,4,11,8,0,22,2,0,0,0,1,0,1
2023-12-03,770,0,0,5,5,12,0,19,1,0,0,0,22,0,0
2023-12-04,1030,0,0,7,15,26,0,32,7,3,0,0,15,0,1
2023-12-05,1270,0,0,13,40,37,6,49,5,0,1,0,51,0,0
2023-12-06,1120,0,0,18,26,21,0,29,3,0,0,0,33,0,1
2023-12-07,990,0,0,8,26,12,0,30,3,0,0,0,20,0,0
2023-12-08,900,0,0,6,11,1,0,7,0,0,0,0,0,0,14
2023-12-09,700,0,0,4,10,6,0,25,3,0,0,0,0,0,1
2023-12-10,1030,0,0,19,31,6,0,13,6,0,0,0,18,0,0
2023-12-11,800,0,0,9,19,3,0,14,2,0,0,0,9,0,10
2023-12-12,850,0,0,18,15,3,0,12,6,0,0,0,10,0,0
2023-12-13,1300,0,0,10,22,12,1,13,9,0,0,0,33,0,10
2023-12-14,1090,0,0,14,38,11,0,24,4,0,0,0,20,0,2
2023-12-15,930,0,0,14,13,1,0,11,1,0,0,0,12,0,1
2023-12-16,1250,0,0,19,25,37,3,56,4,4,0,0,40,0,1
2023-12-17,1090,0,0,44,60,38,3,56,4,1,0,0,12,0,0
2023-12-18,1140,0,0,15,19,15,0,20,2,1,0,0,9,0,1
2023-12-19,890,0,0,16,23,16,2,29,3,0,0,0,17,0,1
2023-12-20,1080,0,0,14,31,20,4,48,5,0,0,0,26,0,1
2023-12-21,1080,0,0,9,18,24,0,25,9,0,0,0,23,0,0
2023-12-22,1040,0,0,17,28,36,0,51,6,0,3,0,19,0,0
2023-12-23,800,0,0,4,17,28,0,27,6,0,0,0,20,0,1
2023-12-24,760,0,0,19,31,33,2,53,5,2,2,0,32,0,2
2023-12-25,1010,1,0,22,37,19,0,34,5,1,0,0,22,0,2
2023-12-26,790,0,0,14,17,10,0,31,1,2,0,0,13,0,2
2023-12-27,920,0,0,27,42,15,1,40,7,1,0,0,32,0,0
2023-12-28,850,0,0,13,18,26,3,35,7,3,0,0,36,0,0
2023-12-29,750,0,0,16,20,17,1,29,6,1,0,0,15,0,88
2023-12-30,960,0,0,8,17,30,4,48,8,2,0,0,37,0,1
2023-12-31,780,0,0,6,17,18,0,38,9,2,0,0,66,0,0
2024-01-01,810,0,0,7,13,49,2,35,7,1,0,0,53,0,1
2024-01-02,680,0,0,0,7,15,0,26,14,3,0,0,38,0,73
2024-01-03,780,0,0,12,21,28,2,32,6,1,0,0,5,0,2
2024-01-04,790,0,0,9,14,30,2,40,9,1,0,0,18,0,1
2024-01-05,800,0,0,7,16,13,1,15,4,2,0,0,16,0,0
2024-01-06,860,0,0,4,22,36,1,45,10,4,0,0,24,0,0
2024-01-07,440,0,0,9,14,13,2,19,1,1,0,0,11,0,1
2024-01-08,820,0,0,5,9,6,1,10,5,0,0,0,1,0,18
2024-01-09,800,0,0,2,13,12,2,23,3,1,0,0,11,0,0
2024-01-10,830,0,0,12,22,15,1,21,1,2,0,0,0,0,1
2024-01-11,840,0,0,10,16,11,0,16,2,1,0,0,2,0,0
2024-01-12,700,0,0,5,15,18,0,20,6,4,0,0,12,0,0
2024-01-13,840,0,0,10,33,19,0,35,8,2,0,0,13,0,8
2024-01-14,980,0,0,14,20,24,1,31,3,2,0,0,4,0,1
2024-01-15,1110,0,0,24,36,30,3,33,9,3,2,0,12,0,1
2024-01-16,730,0,0,13,14,10,3,24,2,0,0,0,7,0,1
2024-01-17,780,0,0,21,38,24,2,39,13,0,0,0,41,0,1
2024-01-18,920,0,0,20,35,19,0,37,4,1,0,0,4,0,0
2024-01-19,750,0,0,4,10,14,1,17,5,0,0,0,5,0,0
2024-01-20,760,0,0,10,11,7,1,14,3,1,0,0,2,0,0
2024-01-21,830,0,0,11,23,21,0,29,5,2,0,0,25,0,1
2024-01-22,960,0,0,22,59,51,2,65,12,0,0,0,0,0,1
2024-01-23,840,0,0,13,31,61,1,49,7,2,0,0,37,0,22
2024-01-24,950,0,0,30,42,59,1,39,4,1,0,0,35,0,2
2024-01-25,990,0,0,8,16,15,0,20,5,0,0,0,0,0,1
2024-01-26,770,0,0,6,15,3,0,8,8,0,0,0,4,0,0
2024-01-27,740,0,0,9,19,12,0,31,3,0,0,0,4,0,0
2024-01-28,1070,0,0,10,25,16,0,46,7,0,0,0,8,0,1
2024-01-29,960,0,0,10,29,31,0,42,5,3,1,0,35,0,0
2024-01-30,1090,0,0,10,32,51,2,40,4,0,0,0,16,0,0
2024-01-31,1000,0,0,12,16,33,2,36,10,0,0,0,36,0,1
2024-02-01,830,1,0,9,19,46,2,49,8,0,0,0,10,0,0
2024-02-02,880,0,0,10,13,26,1,36,3,0,0,0,15,0,0
2024-02-03,810,0,0,2,13,31,0,41,6,0,0,0,12,0,1
2024-02-04,810,0,0,5,4,18,0,19,7,1,0,0,0,0,0
2024-02-05,1020,0,0,17,35,18,0,41,10,1,0,0,0,0,0
2024-02-06,890,0,0,7,22,20,1,33,1,0,0,0,4,0,1
2024-02-07,910,0,0,11,20,24,0,27,8,1,0,1,14,0,31
2024-02-08,910,0,0,2,22,24,1,38,4,0,0,0,18,0,1
2024-02-09,980,0,0,9,21,24,0,28,3,0,0,0,26,0,0
2024-02-10,930,0,0,12,14,16,0,13,1,0,0,0,22,0,0
2024-02-11,790,0,0,10,21,6,0,7,1,0,0,0,45,0,1
2024-02-12,1090,0,0,8,27,19,0,24,4,1,0,0,30,0,0
2024-02-13,1060,0,0,9,39,66,3,39,5,4,0,0,39,0,0
2024-02-14,950,1,0,9,47,54,0,29,1,0,0,0,33,0,0
2024-02-15,1210,0,0,23,39,21,0,25,4,0,0,0,4,0,13
2024-02-16,1050,0,0,11,16,28,0,18,5,0,0,0,5,0,1
2024-02-17,1080,0,0,11,53,40,0,2,7,3,3,0,36,0,2
2024-02-18,1290,0,0,11,34,24,2,31,5,0,1,0,11,0,0
2024-02-19,1230,0,0,5,36,40,2,38,6,1,2,0,61,0,4
2024-02-20,1130,0,0,13,70,53,4,56,7,3,0,0,39,0,1
2024-02-21,1160,0,0,7,35,41,5,63,8,2,1,0,36,0,0
2024-02-22,1000,0,0,3,37,49,2,36,9,2,0,0,32,0,0
2024-02-23,770,0,0,8,15,36,0,28,1,2,1,0,31,0,2
2024-02-24,810,0,0,8,16,29,0,23,2,0,0,0,22,0,2
2024-02-25,880,0,0,13,37,12,1,26,2,2,0,0,26,0,3
2024-02-26,850,0,0,1,16,0,0,28,8,0,0,0,22,0,2
2024-02-27,1060,0,0,14,14,0,0,47,6,2,2,0,24,0,0
2024-02-28,1150,0,0,23,44,41,0,40,7,2,0,0,15,0,0
2024-02-29,920,0,0,17,30,72,0,54,10,1,3,0,26,0,0
2024-03-01,960,0,0,14,29,47,3,61,6,5,1,0,35,0,3
2024-03-02,1160,0,0,16,28,35,0,65,3,0,1,0,14,0,0
2024-03-03,1150,0,0,8,21,22,1,42,1,2,0,0,2,0,1
2024-03-04,1070,0,0,9,28,48,3,49,9,2,0,0,18,0,1
2024-03-05,1250,1,0,21,40,50,1,56,12,1,0,0,58,0,1
2024-03-06,1160,0,0,17,51,42,1,53,5,0,0,0,42,0,1
2024-03-07,880,0,0,11,19,25,2,66,9,3,0,0,35,0,0
2024-03-08,850,0,0,6,25,53,1,85,10,3,0,0,43,0,0
2024-03-09,900,0,0,19,27,38,3,69,6,2,0,0,41,0,0
2024-03-10,920,0,0,8,24,33,1,74,14,2,0,0,59,0,0
2024-03-11,910,0,0,8,27,23,0,44,5,2,0,0,43,0,1
2024-03-12,980,0,0,5,20,32,1,62,8,2,0,0,21,0,0
2024-03-13,970,0,0,5,17,11,0,27,9,2,0,0,15,0,0
2024-03-14,580,0,0,1,11,15,0,34,3,0,0,0,34,0,0
2024-03-15,1160,0,0,21,24,26,0,31,1,2,0,0,14,0,2
2024-03-16,1160,0,0,11,24,28,0,49,11,1,0,0,4,0,0
2024-03-17,810,0,0,19,17,34,0,68,8,0,0,0,36,0,0
2024-03-18,840,0,0,10,35,30,0,50,4,1,0,0,10,0,0
2024-03-19,700,0,0,9,9,16,0,7,3,0,0,0,37,0,0
2024-03-20,750,0,0,4,16,26,1,44,3,0,0,0,10,0,0
2024-03-21,870,0,0,8,37,35,0,45,8,2,0,0,23,0,31
2024-03-22,1050,0,0,12,19,36,0,57,19,0,0,0,75,0,39
2024-03-23,990,0,0,24,28,44,0,63,10,0,0,0,47,0,0
2024-03-24,640,0,0,11,25,22,0,47,7,3,0,0,29,0,18
2024-03-25,770,0,0,6,24,27,1,44,4,1,0,0,14,0,4
2024-03-26,1030,0,0,11,9,27,0,41,5,1,0,0,25,0,1
2024-03-27,780,0,0,10,21,32,2,56,6,1,0,0,22,0,2
2024-03-28,820,0,0,8,27,28,2,50,7,6,0,0,56,0,5
2024-03-29,730,0,0,29,20,15,0,25,7,1,0,0,45,0,24
2024-03-30,650,0,0,15,20,44,0,47,9,7,0,0,30,0,2
2024-03-31,710,0,0,20,17,32,0,35,3,1,0,0,26,0,9
2024-04-01,780,0,0,12,29,30,0,31,6,0,0,0,22,0,1
2024-04-02,710,0,0,11,18,30,2,30,6,1,0,0,17,0,1
2024-04-03,670,0,0,9,18,29,1,48,7,1,0,0,21,0,0
2024-04-04,860,0,0,15,73,50,3,61,4,1,0,0,30,0,0
2024-04-05,790,0,0,24,38,41,3,70,5,2,0,0,48,0,1
2024-04-06,820,0,0,17,54,54,4,79,10,0,0,0,61,0,4
2024-04-07,890,0,0,13,24,40,3,39,3,2,0,0,40,0,1
2024-04-08,850,0,0,23,45,30,0,71,1,2,0,0,37,0,0
2024-04-09,830,0,0,22,47,18,1,67,8,0,0,0,37,0,2
2024-04-10,810,0,0,5,12,48,0,50,6,1,0,0,34,0,2
2024-04-11,840,0,0,9,19,34,2,41,6,1,0,0,57,0,18
2024-04-12,1030,0,0,23,47,32,3,57,5,1,0,0,40,0,1
2024-04-13,890,0,0,5,20,34,1,63,12,2,0,0,34,0,1
2024-04-14,770,0,0,6,31,41,0,51,3,0,0,0,31,0,3
2024-04-15,920,0,0,9,13,16,0,53,0,1,0,0,11,0,0
2024-04-16,710,0,0,4,18,15,0,24,2,1,0,0,2,0,1
2024-04-17,910,0,0,3,8,13,0,31,5,0,0,0,5,0,0
2024-04-18,870,0,0,9,17,21,0,53,0,2,0,0,27,0,3
2024-04-19,750,0,0,8,21,20,0,46,3,1,1,0,30,0,13
2024-04-20,950,0,0,16,23,41,0,68,8,4,0,0,38,0,6
2024-04-21,730,0,0,7,8,17,0,27,8,1,0,0,5,0,2
2024-04-22,800,0,0,5,12,29,0,33,2,1,0,0,23,0,0
2024-04-23,880,0,0,1,12,43,2,47,8,2,0,0,32,0,0
2024-04-24,1040,0,0,13,14,28,1,57,2,1,0,0,10,0,1
2024-04-25,950,0,0,7,15,31,0,35,16,0,0,0,12,0,1
2024-04-26,1124,0,0,6,14,38,0,35,6,3,0,0,24,0,5
2024-04-27,1096,0,0,11,20,43,1,46,3,1,0,0,22,0,0
2024-04-28,1320,0,0,6,16,37,1,44,3,2,0,0,21,0,0
2024-04-29,1250,0,0,22,39,26,2,33,3,1,0,0,3,0,2
2024-04-30,1120,0,0,5,21,13,0,33,3,1,0,0,7,0,0
2024-05-01,1030,0,0,20,29,20,0,49,8,4,0,0,23,0,0
2024-05-02,1270,0,0,22,33,58,0,42,5,2,0,0,19,0,0
2024-05-03,1260,0,0,12,27,46,2,71,8,2,0,0,31,0,1
2024-05-04,860,0,0,9,23,64,2,81,1,2,1,0,25,0,20
2024-05-05,1040,0,0,5,34,38,0,59,6,1,0,0,47,0,1
2024-05-06,1160,0,0,25,14,37,0,32,9,1,0,0,34,0,1
2024-05-07,970,0,0,13,19,30,0,40,2,0,0,0,11,0,2
2024-05-08,1300,0,0,11,35,23,1,69,8,1,0,0,47,0,41
2024-05-09,980,0,0,5,32,47,4,73,4,2,0,0,51,0,0
2024-05-10,1320,0,0,15,40,55,2,64,9,1,0,0,42,0,1
2024-05-11,1260,0,0,5,22,30,2,64,2,1,1,0,42,0,1
2024-05-12,1740,0,0,31,42,15,4,59,6,0,0,0,26,0,3
2024-05-13,1400,0,0,11,43,28,0,29,6,1,1,0,49,0,0
2024-05-14,1510,0,0,14,48,23,0,48,7,0,0,0,30,0,2
2024-05-15,1520,0,0,19,30,27,0,93,1,0,0,0,13,0,1
2024-05-16,1410,0,0,18,14,38,1,56,0,2,2,1,45,0,0
2024-05-17,1210,0,0,13,43,36,0,65,13,1,1,0,35,0,3
2024-05-18,1210,0,0,16,35,48,3,82,2,2,0,0,47,0,1
2024-05-19,1400,1,0,14,35,50,2,60,2,4,0,0,81,0,1
2024-05-20,1380,0,0,15,34,42,1,72,6,4,0,0,54,0,2
2024-05-21,1300,0,0,6,22,41,0,59,5,1,0,0,56,0,1
2024-05-22,1330,0,0,11,27,40,0,71,4,1,1,0,45,0,1
2024-05-23,1240,0,0,13,27,42,3,56,7,0,1,0,10,0,0
2024-05-24,1140,0,0,15,11,27,2,39,3,1,0,0,13,0,0
2024-05-25,1110,0,0,12,17,24,1,31,7,0,1,0,11,0,0
2024-05-26,1150,0,0,9,15,28,1,55,7,1,0,0,42,0,12
2024-05-27,1460,0,0,21,40,48,1,46,4,0,0,0,15,0,0
2024-05-28,1300,0,0,8,33,37,2,56,20,0,0,0,28,0,1
2024-05-29,1160,0,0,10,22,35,1,53,11,0,0,0,22,0,0
2024-05-30,1390,0,0,18,22,39,0,56,11,0,0,0,55,0,7
2024-05-31,1130,0,0,12,12,44,0,101,17,0,0,0,30,0,1
2024-06-01,1080,0,0,25,33,49,1,86,14,6,0,0,82,0,38
2024-06-02,1270,0,0,14,22,47,1,67,4,3,0,0,40,0,0
2024-06-03,1290,0,0,15,18,65,2,69,12,3,0,0,27,0,0
2024-06-04,1280,0,0,12,16,40,0,69,12,3,0,0,39,0,2
2024-06-05,1300,0,0,22,40,48,3,63,7,1,0,0,41,0,0
2024-06-06,1080,1,0,6,20,64,0,56,8,2,0,0,40,0,0
2024-06-07,1210,0,0,9,9,36,0,68,10,1,0,0,59,0,7
2024-06-08,1270,0,0,26,26,60,2,78,5,2,0,0,37,0,0
2024-06-09,1190,0,0,10,13,51,1,56,14,1,1,0,28,0,1
2024-06-10,1100,0,0,23,32,46,1,58,21,5,1,0,13,0,0
2024-06-11,980,0,0,9,11,46,0,60,2,2,0,0,19,0,2
2024-06-12,980,0,0,17,21,34,0,58,4,2,0,0,33,0,5
2024-06-13,1250,0,0,8,26,48,2,60,16,3,0,0,22,0,1
2024-06-14,1090,0,0,20,29,37,2,57,12,4,0,0,51,0,7
2024-06-15,1160,0,0,0,6,58,1,56,3,0,0,0,11,0,3
2024-06-16,1080,0,0,2,18,14,0,24,12,0,0,0,8,0,0
2024-06-17,1230,0,0,16,20,32,0,40,7,0,0,0,20,0,1
2024-06-18,1130,0,0,10,12,48,0,47,7,4,0,0,34,0,0
2024-06-19,1170,0,0,3,18,45,1,56,6,2,0,0,39,0,1
2024-06-20,1060,0,0,14,35,54,1,47,10,2,0,0,0,0,0
2024-06-21,1110,0,0,8,11,82,0,23,2,0,0,0,45,0,4
2024-06-22,1270,0,0,10,15,7,2,44,8,2,0,0,50,0,19
2024-06-23,1300,0,0,12,15,51,0,56,20,0,0,0,27,0,2
2024-06-24,1180,0,0,4,18,35,0,58,6,0,0,0,31,0,1
2024-06-25,1220,0,0,4,19,40,0,45,6,0,0,0,22,0,0
2024-06-26,1260,0,0,3,9,42,0,61,11,5,0,0,24,0,0
2024-06-27,1170,0,0,24,21,60,1,46,11,3,1,0,50,0,5
2024-06-28,1070,0,0,7,25,57,0,54,5,0,0,0,29,0,2
2024-06-29,1140,0,0,7,19,53,1,75,12,2,0,0,46,0,0
2024-06-30,1110,0,0,19,26,66,1,70,0,1,0,0,36,0,2
2024-07-01,1280,0,0,8,16,56,3,74,4,0,0,0,21,0,2
2024-07-02,1180,0,0,16,17,57,1,63,12,2,0,0,27,0,1
2024-07-03,1200,0,0,9,17,65,0,73,4,2,0,0,26,0,6
2024-07-04,1110,0,0,10,11,54,0,54,5,0,0,0,57,0,0
2024-07-05,1260,0,0,11,18,66,0,76,6,0,0,0,58,0,9
2024-07-06,1150,0,0,2,16,40,0,50,16,1,0,0,53,0,1
2024-07-07,1200,0,0,16,40,29,0,47,8,1,1,0,31,0,1
2024-07-08,1220,0,0,7,19,49,0,62,13,0,0,0,29,0,36
2024-07-09,1100,0,0,2,11,36,0,57,15,3,0,0,51,0,0
2024-07-10,1110,0,0,2,17,59,4,56,4,3,0,0,36,0,3
2024-07-11,1030,0,0,9,23,48,0,84,8,2,0,0,26,0,5
2024-07-12,1120,0,0,8,24,58,0,52,13,1,0,0,34,0,0
2024-07-13,1320,0,0,7,32,46,0,77,10,1,0,0,39,0,0
2024-07-14,1200,0,0,8,15,62,0,85,3,2,0,0,40,0,1
2024-07-15,1110,0,0,13,36,44,0,57,8,0,0,0,45,0,0
2024-07-16,1110,0,0,11,9,43,1,61,9,1,0,0,31,0,0
2024-07-17,1130,0,0,7,12,54,0,92,7,0,0,0,50,0,0
2024-07-18,980,0,0,5,19,55,0,76,0,1,0,0,42,0,3
2024-07-19,990,0,0,7,15,22,1,59,14,1,1,0,34,0,0
2024-07-20,1100,0,0,9,46,44,0,68,9,1,0,0,52,0,0
2024-07-21,1050,0,0,18,17,51,2,102,21,4,0,0,73,0,0
2024-07-22,1220,0,0,4,20,57,2,64,3,1,0,0,36,0,0
2024-07-23,1140,0,0,14,13,65,0,77,10,1,1,0,33,0,1
2024-07-24,1230,0,0,11,26,45,0,79,11,2,0,0,66,0,0
2024-07-25,950,0,0,7,11,36,0,56,7,0,0,0,73,0,0
2024-07-26,1210,0,0,11,24,45,0,86,3,1,0,0,53,0,1
2024-07-27,1180,0,0,13,21,51,2,72,0,1,0,0,30,0,2
2024-07-28,1310,0,0,12,8,74,2,62,19,0,0,0,39,0,1
2024-07-29,1060,0,0,25,38,46,1,53,6,0,0,0,27,0,0
2024-07-30,1060,0,0,9,20,30,1,52,1,1,0,0,21,0,1
2024-07-31,1370,0,0,9,42,33,1,77,16,0,0,0,115,0,0
2024-08-01,1100,0,0,3,8,42,2,56,6,0,0,0,37,0,0
2024-08-02,1170,0,0,4,27,56,1,54,4,1,0,0,52,0,3
2024-08-03,1150,0,0,5,17,59,3,80,11,3,0,0,46,0,2
2024-08-04,1180,0,0,6,31,69,0,88,3,0,1,0,19,0,2
2024-08-05,1050,0,0,4,8,39,0,54,1,0,0,0,36,0,6
2024-08-06,1230,0,0,8,29,67,0,78,21,0,0,0,54,0,1
2024-08-07,1140,0,0,2,9,36,4,59,8,4,1,1,81,0,3
2024-08-08,1030,0,0,3,9,49,0,86,2,2,0,0,32,0,0
2024-08-09,1160,0,0,7,9,69,1,82,20,2,0,0,47,0,1
2024-08-10,1220,0,0,6,13,58,0,71,11,0,0,1,27,0,0
2024-08-11,1080,0,0,3,5,65,3,66,1,1,0,0,73,0,1
2024-08-12,1160,0,0,5,17,36,0,59,5,1,0,0,19,0,0
2024-08-13,1240,0,0,21,17,57,5,61,7,1,0,0,57,0,0
2024-08-14,1220,0,0,8,0,47,3,65,0,1,1,0,50,0,2
2024-08-15,1330,0,0,12,35,59,5,73,16,0,0,0,61,0,1
2024-08-16,1230,0,0,5,12,58,1,65,15,1,0,0,55,0,3
2024-08-17,1170,0,0,7,7,71,1,79,2,0,0,0,38,0,0
2024-08-18,1120,0,0,5,15,48,4,55,17,2,0,0,57,0,5
2024-08-19,1330,0,0,5,26,52,1,95,22,1,0,0,55,0,1
2024-08-20,1210,0,0,4,21,60,0,79,2,2,0,0,38,0,4
2024-08-21,1130,0,0,7,25,46,0,59,17,3,0,0,96,0,1
2024-08-22,1190,0,0,4,32,45,1,49,6,1,0,0,27,0,0
2024-08-23,1160,0,0,9,21,42,2,54,1,3,0,0,39,0,2
2024-08-24,1190,0,0,5,11,47,2,92,17,1,0,0,31,0,0
2024-08-25,1140,0,0,4,17,47,1,80,13,1,0,0,39,0,0
2024-08-26,1280,0,0,12,19,52,1,58,3,0,0,0,120,0,103
2024-08-27,1090,0,0,5,14,27,1,41,6,1,1,0,94,0,6
2024-08-28,1200,0,0,3,18,27,0,52,15,1,0,0,21,0,3
2024-08-29,1200,0,0,3,23,23,1,57,2,1,0,0,84,0,0
2024-08-30,1360,0,0,8,14,42,1,62,10,0,0,0,18,0,1
2024-08-31,1350,0,0,10,48,22,0,56,14,0,0,0,36,0,0
2024-09-01,1300,0,0,9,26,10,1,44,2,0,0,0,30,0,0
2024-09-02,1360,0,0,10,35,18,0,47,10,0,0,0,36,0,21
2024-09-03,1390,0,0,7,27,30,0,35,11,0,0,0,43,0,2
2024-09-04,1200,0,0,6,21,31,0,37,10,0,0,0,42,0,7
2024-09-05,1170,0,0,7,9,20,1,72,13,1,0,0,74,0,0
2024-09-06,1270,0,0,1,0,29,0,55,0,1,0,0,52,0,1
2024-09-07,1270,0,0,4,19,30,2,47,10,0,0,0,80,0,0
2024-09-08,1150,0,0,3,9,26,0,44,2,0,0,0,33,0,0
2024-09-09,1380,0,0,1,19,50,0,68,4,0,0,0,36,0,3
2024-09-10,1140,0,0,2,13,56,2,58,6,1,0,0,57,0,0
2024-09-11,1270,0,0,11,17,73,2,93,2,2,1,0,43,0,0
2024-09-12,1220,0,0,18,48,52,1,79,10,0,0,0,80,0,0
2024-09-13,1210,0,0,3,40,25,1,71,13,1,0,0,36,0,0
2024-09-14,1170,0,0,6,20,23,0,53,0,1,0,0,85,0,1
2024-09-15,1060,0,0,3,8,14,1,28,6,0,0,0,29,0,0
2024-09-16,1020,0,0,2,6,6,1,27,1,0,0,0,66,0,0
2024-09-17,1130,0,0,6,3,25,0,45,18,0,0,0,25,0,0
2024-09-18,1130,0,0,14,13,23,1,55,0,0,0,0,63,0,0
2024-09-19,1340,0,0,20,39,35,0,59,6,2,0,0,52,0,1
2024-09-20,1440,0,0,21,38,58,4,68,10,0,0,0,92,0,0
2024-09-21,1500,0,0,22,52,63,2,57,19,0,0,0,67,0,2
2024-09-22,1330,0,0,16,30,81,2,79,1,0,0,0,71,0,0
2024-09-23,1400,0,0,16,40,61,1,73,10,3,0,0,65,0,0
2024-09-24,1250,0,0,15,12,74,1,73,13,0,0,0,115,0,0
2024-09-25,1400,0,0,10,44,71,0,105,22,7,0,0,67,0,4
2024-09-26,1370,0,0,21,48,58,0,58,2,2,0,0,85,0,9
2024-09-27,1470,0,0,14,42,55,4,0,37,0,0,0,62,0,2
2024-09-28,1170,0,0,9,38,62,1,84,6,1,0,0,93,0,0
2024-09-29,1250,0,0,5,27,27,0,53,16,1,0,0,38,0,0
2024-09-30,1370,0,0,9,44,33,0,73,1,0,0,0,98,0,2
2024-10-01,1130,0,0,4,32,14,0,71,4,0,0,0,26,0,0
2024-10-02,1150,0,0,6,17,37,0,58,12,1,0,0,45,0,0
2024-10-03,1230,0,0,15,31,59,8,70,3,1,0,0,101,0,0
2024-10-04,1280,0,0,8,31,72,4,85,11,5,0,0,35,0,0
2024-10-05,1250,0,0,3,21,55,0,101,19,0,0,0,49,0,0
2024-10-06,1160,0,0,14,31,64,5,96,1,2,0,0,65,0,2
2024-10-07,1340,0,0,7,30,47,0,83,9,1,0,0,43,0,3
2024-10-08,1150,0,0,4,11,19,0,55,12,0,0,0,32,0,0
2024-10-09,1080,0,0,1,14,41,2,74,1,3,1,0,49,0,1
2024-10-10,1140,0,0,8,35,59,4,84,10,0,0,1,70,0,0
2024-10-11,1290,0,0,9,27,59,1,115,38,0,0,0,110,0,0
2024-10-12,1300,0,0,9,49,29,1,71,1,2,0,0,45,0,0
2024-10-13,1260,0,0,4,19,11,0,38,2,0,0,0,17,0,0
2024-10-14,1210,0,0,13,44,9,0,32,4,0,0,0,10,0,1
2024-10-15,1450,0,0,9,30,29,0,78,0,0,0,0,31,0,0
2024-10-16,1420,0,0,17,33,51,1,83,5,0,0,0,54,0,0
2024-10-17,1530,0,0,13,51,23,0,93,2,0,0,0,48,0,0
2024-10-18,1380,0,0,8,19,15,0,38,25,0,0,0,78,0,3
2024-10-19,1340,0,0,12,39,17,0,41,3,0,0,0,57,0,1
2024-10-20,1710,0,0,24,64,24,0,47,3,1,0,0,46,0,0
2024-10-21,1350,0,0,8,24,34,2,77,20,2,0,0,71,0,1
2024-10-22,1460,0,0,9,30,51,0,106,10,0,0,0,85,0,0
2024-10-23,1240,0,0,2,25,45,2,69,4,0,0,0,108,0,0
2024-10-24,1630,0,0,7,33,34,2,79,22,1,0,0,73,0,0
2024-10-25,1690,0,0,12,45,29,2,95,6,2,0,0,56,0,0
2024-10-26,1440,0,0,4,23,39,0,100,1,0,0,0,73,0,0
2024-10-27,1680,0,0,7,40,51,0,100,14,0,0,0,68,0,0
2024-10-28,1360,0,0,9,9,45,1,89,10,0,0,0,72,0,0
2024-10-29,1560,0,0,8,29,38,1,91,1,2,0,0,40,0,0
2024-10-30,1310,0,0,19,17,58,1,121,3,7,0,0,84,0,2
2024-10-31,1460,0,0,6,20,26,1,77,9,0,0,0,25,0,1
2024-11-01,1270,0,0,8,17,37,0,76,4,0,0,0,29,0,0
2024-11-02,1410,0,0,12,36,10,0,46,1,0,0,0,70,0,1
2024-11-03,1300,0,0,11,15,35,1,77,3,0,0,0,93,0,0
2024-11-04,1260,0,0,15,43,29,0,41,0,2,0,0,29,0,2
2024-11-05,1250,0,0,6,11,20,0,55,1,0,0,0,57,0,0
2024-11-06,1400,0,0,10,20,24,0,78,8,0,0,0,42,0,0
2024-11-07,1580,0,0,9,49,32,0,84,6,0,0,0,118,0,0
2024-11-08,1660,0,0,5,36,23,0,66,2,0,0,0,49,0,3
2024-11-09,1350,0,0,11,29,31,0,122,0,0,0,0,44,0,0
2024-11-10,1770,0,0,4,40,34,0,119,16,0,0,0,57,0,2
2024-11-11,1950,0,0,23,81,38,3,68,6,0,0,0,61,0,0
2024-11-12,1770,0,0,24,49,56,0,96,3,0,0,0,61,0,0
2024-11-13,1690,0,0,19,51,64,3,124,0,1,0,0,54,0,4
2024-11-14,1520,0,0,11,21,20,0,77,16,2,0,0,34,0,1
2024-11-15,1650,0,0,8,26,28,0,69,6,0,0,0,28,0,0
2024-11-16,1640,0,0,12,27,36,0,85,2,0,0,0,60,0,0
2024-11-17,1560,0,0,15,38,30,0,107,2,0,0,0,99,0,112
2024-11-18,1610,0,0,17,33,46,0,120,17,0,0,0,38,0,1
2024-11-19,1690,0,0,8,27,49,0,100,2,2,0,0,91,0,2
2024-11-20,1510,0,0,8,24,50,1,97,0,2,0,0,57,0,0
2024-11-21,1050,0,0,1,13,5,1,32,1,1,0,0,1,0,8
2024-11-22,1420,0,0,20,36,24,0,73,3,0,0,0,105,0,0
2024-11-23,1020,0,0,4,17,5,0,14,1,0,0,0,1,0,0
2024-11-24,1610,0,0,6,27,22,0,84,0,0,0,0,114,0,0
2024-11-25,1480,0,0,6,20,19,0,94,0,0,0,0,72,0,1
2024-11-26,1580,0,0,14,48,24,0,84,0,1,0,0,64,0,0
2024-11-27,1220,0,0,1,2,22,0,60,0,0,0,0,45,0,0
2024-11-28,2030,0,0,8,37,34,0,173,0,14,0,0,89,0,86
2024-11-29,1740,0,0,5,12,23,2,72,2,0,0,0,42,0,0
2024-11-30,1730,0,0,6,14,14,0,76,0,0,0,0,11,0,1
2024-12-01,1790,0,0,9,28,30,0,99,0,0,0,0,83,0,0
2024-12-02,1780,0,0,8,22,23,0,60,8,0,0,0,31,0,3
2024-12-03,1670,0,0,7,31,26,0,80,1,1,0,0,29,0,0
2024-12-04,1580,0,0,13,22,21,0,97,2,0,0,0,31,0,0
2024-12-05,1660,0,0,8,46,20,0,56,3,0,0,0,46,0,2
2024-12-06,1300,0,0,0,17,12,0,49,0,2,0,0,19,0,0
2024-12-07,1460,0,0,5,36,3,0,17,2,1,0,0,29,0,0
2024-12-08,1220,0,0,0,18,3,0,24,1,0,0,0,22,0,2
2024-12-09,1350,0,0,5,7,3,0,48,1,0,0,0,14,0,0
2024-12-10,1400,0,0,2,20,3,0,36,4,0,0,0,4,0,0
2024-12-11,1390,0,0,6,28,5,0,54,1,0,0,0,0,0,2
2024-12-12,1390,0,0,5,31,6,0,50,0,0,0,0,65,0,0
2024-12-13,1040,0,0,2,0,24,0,40,2,0,0,0,53,0,0
2024-12-14,1280,0,0,12,32,26,3,181,4,2,0,0,127,0,82
2024-12-15,1070,0,0,12,29,23,0,82,2,0,0,0,16,0,0
2024-12-16,1600,0,0,4,15,8,0,70,0,0,0,0,34,0,0
2024-12-17,1580,0,0,4,21,5,0,60,2,0,0,0,64,0,0
2024-12-18,1530,0,0,5,27,14,0,68,4,1,0,0,51,0,0
2024-12-19,2200,0,0,8,24,42,0,115,6,1,0,0,79,0,0
2024-12-20,1860,0,0,10,18,32,0,98,0,0,0,0,85,0,4
2024-12-21,1820,0,0,15,29,32,0,81,0,3,0,0,50,0,0
2024-12-22,1990,0,0,6,15,29,0,67,2,0,0,0,55,0,1
2024-12-23,1630,0,0,9,30,10,0,47,3,0,0,0,44,0,0
2024-12-24,1600,0,0,4,8,10,0,31,0,0,0,0,74,0,0
2024-12-25,1540,0,0,2,10,24,0,63,0,1,0,0,63,0,55
2024-12-26,1650,0,0,14,18,22,0,82,1,1,0,0,28,0,0
2024-12-27,1690,0,0,7,19,29,0,66,0,0,0,0,14,0,0
2024-12-28,1730,0,0,5,11,42,0,82,2,0,0,0,25,0,0
2024-12-29,2010,0,0,7,22,44,0,141,0,0,0,0,31,0,0
2024-12-30,1610,0,0,5,27,34,0,75,1,0,0,0,12,0,0
2024-12-31,1250,0,0,4,13,4,0,49,1,0,0,1,50,0,0
2025-01-01,1370,0,0,4,13,20,0,54,3,0,0,0,69,0,0
2025-01-02,1080,0,0,1,14,3,1,41,0,0,0,0,49,0,0
2025-01-03,1510,0,0,2,23,23,0,73,0,0,0,1,107,0,3
2025-01-04,1730,0,0,7,26,25,0,97,2,0,0,0,91,0,0
2025-01-05,1550,0,0,14,45,62,1,116,4,2,0,0,178,0,0
2025-01-06,1970,0,0,10,25,45,2,170,0,4,0,0,83,0,8
2025-01-07,1660,0,0,4,16,19,0,81,0,0,0,0,19,0,0
2025-01-08,1430,0,0,17,16,36,0,80,5,0,0,0,86,0,0
2025-01-09,1830,0,0,10,32,24,0,86,3,3,0,0,71,0,3
2025-01-10,1570,0,0,10,18,28,0,61,3,1,0,0,74,0,0
2025-01-11,1750,0,0,5,18,22,0,64,2,0,0,0,63,0,1
2025-01-12,1510,0,0,8,26,37,1,110,1,2,0,0,183,0,0
2025-01-13,1330,0,0,3,11,47,1,83,1,0,0,0,72,0,0
2025-01-14,1580,0,0,13,22,52,0,204,0,2,0,0,107,0,0
2025-01-15,1480,0,0,11,20,40,0,137,1,0,0,0,120,0,31
2025-01-16,1670,0,0,12,13,4,0,124,2,0,0,0,63,0,0
2025-01-17,1340,0,0,0,13,21,0,69,0,0,0,0,13,0,0
2025-01-18,1580,0,0,8,18,15,0,76,1,0,0,0,36,0,2
2025-01-19,1690,0,0,10,42,19,0,87,6,3,0,0,153,0,0
2025-01-20,1600,0,0,12,23,60,0,194,4,1,0,0,130,0,0
2025-01-21,1950,0,0,11,8,60,0,155,1,0,0,0,141,0,0
2025-01-22,1340,0,0,6,12,62,0,68,3,0,0,0,72,0,0
2025-01-23,1500,0,0,2,11,39,1,87,1,0,0,0,51,0,0
2025-01-24,1650,0,0,7,37,14,0,79,0,0,0,0,51,0,2
2025-01-25,1720,0,0,9,4,14,0,53,0,0,0,0,40,0,0
2025-01-26,1430,0,0,3,12,16,0,59,1,0,0,0,74,0,0
2025-01-27,1380,0,0,5,12,27,0,86,2,0,0,0,72,0,0
2025-01-28,1670,0,0,10,24,29,1,97,3,0,0,0,57,0,1
2025-01-29,1270,0,0,4,17,17,0,85,4,0,0,0,54,0,0
2025-01-30,1670,0,0,3,17,33,1,101,1,0,0,0,63,0,0
2025-01-31,1430,0,0,9,22,48,1,77,1,0,0,0,121,0,0
2025-02-01,1320,0,0,6,14,45,1,80,2,0,0,0,99,0,0
2025-02-02,1300,0,0,12,18,51,1,89,2,3,0,0,118,0,0
2025-02-03,1270,0,0,18,24,66,1,123,2,0,0,0,92,0,0
2025-02-04,1140,0,0,9,12,52,0,157,2,0,0,0,99,0,0
2025-02-05,1240,0,0,18,16,46,2,133,2,2,0,0,83,0,0
2025-02-06,1340,0,0,10,18,32,0,96,1,1,0,0,116,0,0
2025-02-07,1210,0,0,6,22,35,2,95,0,0,0,0,102,0,0
2025-02-08,1460,0,0,11,20,24,0,127,1,0,1,0,83,0,0
2025-02-09,1170,0,0,9,16,35,0,109,1,3,0,0,137,0,0
2025-02-10,1390,0,0,13,31,44,2,169,1,1,0,0,132,0,2
2025-02-11,1150,0,0,9,27,53,1,121,1,1,0,0,164,0,1
2025-02-12,1250,0,0,17,23,58,2,168,2,2,0,0,153,0,6
2025-02-13,1200,0,0,17,16,81,4,156,1,3,0,0,152,0,0
2025-02-14,1180,0,0,11,17,59,1,127,2,1,0,0,117,0,0
2025-02-15,1730,0,0,5,84,11,0,77,2,0,0,0,36,0,0
2025-02-16,1530,0,0,16,52,37,0,149,1,0,0,0,128,0,0
2025-02-17,1170,0,0,12,12,53,2,74,1,1,0,0,81,0,1
2025-02-18,1300,0,0,19,23,72,3,146,1,4,0,0,175,0,0
2025-02-19,1190,0,0,14,14,63,3,136,0,6,0,0,160,0,0
2025-02-20,1280,0,0,12,18,52,4,143,1,2,0,0,135,0,0
2025-02-21,1140,0,0,15,9,66,0,130,1,0,0,0,155,0,0
2025-02-22,1180,0,0,7,12,54,1,91,3,1,0,0,117,0,0
2025-02-23,1050,0,0,9,6,44,3,110,0,0,0,0,217,0,0
2025-02-24,1300,0,0,5,11,26,0,138,2,2,0,0,122,0,0
2025-02-25,1170,0,0,19,15,34,0,120,0,2,0,0,194,0,0
2025-02-26,1150,0,0,8,13,69,0,140,1,1,0,0,141,0,0
2025-02-27,2710,0,0,13,38,92,4,152,3,1,0,0,172,0,21
2025-02-28,1050,0,0,11,15,61,1,116,0,1,0,0,228,0,0
2025-03-01,1110,0,0,8,25,51,2,117,5,3,0,0,192,0,0
2025-03-02,1350,0,0,11,16,60,0,109,0,2,0,0,61,0,0
2025-03-03,1340,0,0,3,8,45,0,101,0,1,0,0,86,0,0
2025-03-04,1250,0,0,1,6,23,0,84,1,0,0,0,108,0,0
2025-03-05,1140,0,0,5,7,21,0,94,0,2,0,0,80,0,0
2025-03-06,1150,0,0,3,23,16,0,72,0,0,0,0,95,0,0
2025-03-07,1000,0,0,4,12,24,1,113,3,3,0,0,148,0,35
2025-03-08,1180,0,0,6,14,58,3,142,1,2,0,0,190,0,0
2025-03-09,1190,0,0,18,40,65,1,138,0,1,0,0,241,0,0
2025-03-10,1300,0,0,11,23,75,2,134,2,1,0,0,198,0,1
2025-03-11,1430,0,0,3,7,44,1,69,2,0,0,0,111,0,0
2025-03-12,1200,0,0,1,2,19,0,81,0,0,0,0,71,0,0
2025-03-13,1410,0,0,6,11,46,0,114,0,0,0,0,153,0,0
2025-03-14,1180,0,0,2,15,28,1,102,0,0,0,0,97,0,0
2025-03-15,1400,0,0,10,20,78,2,113,0,1,0,0,180,0,0
2025-03-16,1210,0,0,19,11,37,1,101,1,0,0,0,54,0,0
2025-03-17,1560,0,0,8,20,42,1,107,2,3,0,0,149,0,0
2025-03-18,1060,0,0,12,14,64,1,111,0,0,0,0,100,0,0
2025-03-19,1400,0,0,13,38,43,2,91,0,3,0,0,179,0,0
2025-03-20,1330,0,0,17,28,101,2,165,2,1,0,0,185,0,0
2025-03-21,1210,0,0,9,20,96,3,166,0,0,0,0,258,0,0
2025-03-22,1470,0,0,9,27,104,6,185,2,5,0,0,157,0,0
2025-03-23,1280,0,0,8,16,81,5,116,1,1,0,4,146,0,0
2025-03-24,1180,0,0,5,18,61,3,98,0,0,0,0,118,0,0
2025-03-25,1280,0,0,5,15,17,0,77,1,0,0,0,59,0,0
2025-03-26,1670,0,0,8,16,58,2,169,1,1,0,0,108,0,0
2025-03-27,1860,0,0,17,61,122,1,210,0,1,0,0,144,0,0
2025-03-28,1740,0,0,23,34,64,1,118,0,3,0,0,164,0,0
2025-03-29,1510,0,0,14,20,56,2,130,0,0,0,0,111,0,0
2025-03-30,1230,0,0,4,3,30,0,65,0,1,0,0,71,0,0
2025-03-31,1540,0,0,9,37,15,0,53,0,0,0,0,46,0,2
2025-04-01,1410,0,0,10,24,24,0,41,0,0,0,0,43,0,0
2025-04-02,1390,0,0,6,22,49,1,88,0,0,0,0,92,0,0
2025-04-03,1380,0,0,7,30,38,1,66,0,0,0,0,72,0,0
2025-04-04,1390,0,0,13,20,67,1,113,1,1,0,0,109,0,7
2025-04-05,1330,0,0,13,20,56,4,96,1,0,0,0,68,0,0
2025-04-06,1350,0,0,13,25,31,2,70,1,0,0,0,28,0,15
2025-04-07,1290,0,0,5,14,43,3,107,2,2,0,0,43,0,0
2025-04-08,1270,0,0,4,10,52,0,118,0,1,0,0,56,0,0
2025-04-09,1420,0,0,3,12,70,0,169,4,0,0,0,105,0,0
2025-04-10,1210,0,0,1,15,0,1,165,2,0,0,0,122,0,0
2025-04-11,1240,0,0,11,7,49,2,128,0,0,0,0,78,0,0
2025-04-12,1220,0,0,12,33,71,0,143,1,1,0,0,147,0,0
2025-04-13,1310,0,0,19,42,59,0,179,2,2,0,0,119,0,0
2025-04-14,1180,0,0,7,20,68,2,210,0,2,0,0,147,0,0
2025-04-15,1050,0,0,9,13,87,0,133,3,0,0,0,146,0,0
2025-04-16,1230,0,0,16,54,65,2,170,3,3,0,0,88,0,0
2025-04-17,1530,0,0,8,40,88,1,312,51,1,0,0,140,0,0
2025-04-18,1180,0,0,14,9,70,1,208,0,3,0,0,111,0,3
2025-04-19,950,0,0,1,5,49,0,112,1,0,0,0,64,0,0
2025-04-20,670,0,0,2,2,10,0,50,0,0,0,0,30,0,0
2025-04-21,1290,0,0,4,23,30,0,134,0,1,0,0,118,0,0
2025-04-22,1210,0,0,8,11,85,1,163,1,1,0,0,138,0,0
2025-04-23,1060,0,0,3,5,49,1,134,0,0,0,0,134,0,0
2025-04-24,1170,0,0,9,3,72,3,151,0,3,0,0,119,0,48
2025-04-25,1110,0,0,8,5,70,0,145,0,1,0,0,118,0,0
2025-04-26,1030,0,0,8,5,42,1,136,0,0,0,0,114,0,0
2025-04-27,1160,0,0,4,13,31,0,105,0,0,0,0,72,0,0
2025-04-28,1060,0,0,5,14,42,0,140,0,1,0,0,94,0,0
2025-04-29,1100,0,0,1,1,11,1,179,9,0,0,0,112,0,0
2025-04-30,1230,0,0,3,11,106,0,139,0,2,0,0,112,0,0
2025-05-01,1110,0,0,9,5,50,0,132,0,4,0,0,138,0,0
2025-05-02,1170,0,0,4,0,48,0,121,1,1,0,0,126,0,1
2025-05-03,1340,0,0,13,34,93,1,138,0,2,2,0,195,0,0
2025-05-04,1260,0,0,5,8,43,1,109,0,0,0,0,137,0,0
2025-05-05,1430,0,0,3,5,61,1,103,3,0,0,0,145,0,0
2025-05-06,1270,0,0,14,3,71,0,131,0,0,0,0,124,0,1
2025-05-07,1200,0,0,2,10,50,1,120,2,1,0,0,141,0,0
2025-05-08,1300,0,0,4,4,36,1,120,0,1,0,0,39,0,0
2025-05-09,1310,0,0,4,7,49,0,106,0,1,0,0,36,0,0
2025-05-10,1310,0,0,2,6,33,1,117,3,1,0,0,55,0,0
2025-05-11,1170,0,0,8,27,48,0,171,6,3,0,0,141,0,0
2025-05-12,1070,0,0,2,14,62,0,138,0,0,0,0,100,0,0
2025-05-13,1240,0,0,2,14,47,1,126,0,3,0,0,82,0,0
2025-05-14,1220,0,0,8,13,45,2,165,8,1,0,1,140,0,0
2025-05-15,1100,0,0,13,32,36,1,166,0,1,0,0,123,0,0
2025-05-16,910,0,0,6,7,34,1,96,0,0,0,0,155,0,0
2025-05-17,1130,0,0,1,4,38,1,91,0,0,0,0,107,0,0
2025-05-18,1040,0,0,1,5,29,0,88,0,0,0,0,118,0,0
2025-05-19,1030,0,0,1,5,58,1,105,2,0,0,0,118,0,0
2025-05-20,980,0,0,1,2,23,0,76,1,0,0,0,71,0,0
2025-05-21,870,0,0,4,5,32,0,99,0,0,0,0,105,0,0
2025-05-22,1050,0,0,2,1,43,2,139,0,0,0,0,148,0,0
2025-05-23,1130,0,0,11,47,36,5,232,0,2,0,0,232,0,0
2025-05-24,1020,0,0,2,11,68,1,112,7,0,0,0,190,0,6
2025-05-25,1000,0,0,4,8,51,1,92,0,2,0,0,264,0,53
2025-05-26,990,0,0,2,1,17,0,64,0,0,0,0,222,0,9
2025-05-27,1050,0,0,4,2,18,0,52,0,0,0,0,65,0,0
2025-05-28,1050,0,0,0,1,31,0,56,0,0,0,0,81,0,0
2025-05-29,1140,0,0,1,2,35,1,74,0,1,0,0,71,0,0
2025-05-30,1250,0,0,2,5,54,2,109,0,1,0,0,145,0,0
2025-05-31,1230,0,0,5,4,52,1,127,1,0,0,0,151,0,2
2025-06-01,1140,0,0,2,7,48,0,137,2,2,0,0,256,0,3
2025-06-02,1100,0,0,7,8,48,1,145,0,1,41,0,126,0,0
2025-06-03,1020,0,0,3,7,88,0,123,2,0,0,0,176,0,0
2025-06-04,930,0,0,3,2,39,4,82,0,1,0,0,95,0,0
2025-06-05,1160,0,0,2,5,44,0,101,0,3,0,0,174,0,0
2025-06-06,1120,0,0,15,52,56,4,166,1,1,0,1,300,0,37
2025-06-07,1120,0,0,7,11,42,0,146,3,2,1,0,158,0,7
2025-06-08,970,0,0,4,11,42,1,123,0,0,0,0,167,0,0
2025-06-09,960,0,0,4,9,48,1,107,1,0,2,0,239,0,15
2025-06-10,1120,0,0,8,15,34,1,124,2,0,0,0,240,0,7
2025-06-11,1140,0,0,6,3,47,0,136,0,1,0,0,138,0,0
2025-06-12,1220,0,0,1,5,42,3,106,0,0,0,0,72,0,0
2025-06-13,1130,0,0,3,7,52,1,107,0,1,0,0,79,0,0
2025-06-14,1170,0,0,0,6,33,1,89,1,1,0,0,123,0,0
2025-06-15,1200,0,0,2,7,18,0,79,1,1,0,0,95,0,9
2025-06-16,1060,0,0,1,3,20,1,79,0,0,0,0,177,0,0
2025-06-17,1040,0,0,7,31,37,1,137,0,0,0,0,184,0,23
2025-06-18,1080,0,0,4,8,63,0,108,2,0,0,0,64,0,0
2025-06-19,1090,0,0,3,7,46,1,81,2,1,0,0,70,0,0
2025-06-20,1060,0,0,1,5,19,0,116,0,0,0,0,123,0,0
2025-06-21,1100,0,0,9,2,39,0,117,0,0,0,0,157,0,7
2025-06-22,1010,0,0,1,5,58,2,127,0,0,0,0,138,0,0
2025-06-23,1200,0,0,1,7,21,1,100,0,0,0,0,198,0,12
2025-06-24,950,0,0,1,6,58,1,123,0,0,0,0,131,0,0
2025-06-25,1100,0,0,1,7,48,0,111,1,0,0,0,107,0,0
2025-06-26,970,0,0,1,4,13,0,89,0,0,0,0,87,0,0
2025-06-27,1000,0,0,1,12,35,0,131,0,1,4,0,237,0,6
2025-06-28,1220,0,0,6,7,24,0,93,0,0,0,0,147,0,0
2025-06-29,1070,0,0,4,7,29,2,85,0,1,0,3,172,0,42
2025-06-30,970,0,0,3,6,36,0,103,0,0,0,0,144,0,0
2025-07-01,1110,0,0,2,3,40,0,90,0,1,0,0,73,0,0
2025-07-02,1000,0,0,1,5,21,0,101,1,0,0,0,85,0,0
2025-07-03,1120,0,0,2,10,50,1,112,3,0,0,0,205,0,0
2025-07-04,1050,0,0,2,7,56,0,149,0,0,0,0,306,0,3
2025-07-05,1180,0,0,2,3,39,2,104,0,1,1,0,216,0,0
2025-07-06,1100,0,0,3,7,33,2,118,2,0,0,0,233,0,0
2025-07-07,1070,0,0,0,4,41,2,86,0,0,0,0,172,0,0
2025-07-08,1050,0,0,5,2,68,0,119,2,1,0,0,227,0,0
2025-07-09,920,0,0,11,3,38,3,81,0,0,0,0,324,0,6
2025-07-10,1040,0,0,2,7,23,0,76,0,0,0,0,222,0,14
2025-07-11,1070,0,0,0,1,31,0,90,0,0,0,0,245,0,0
2025-07-12,1240,0,0,3,3,49,1,101,0,1,0,0,263,0,32
2025-07-13,1130,0,0,3,4,51,0,102,3,0,0,0,124,0,0
2025-07-14,1230,0,0,3,6,52,2,122,0,0,0,0,245,0,0
2025-07-15,1170,0,0,3,2,49,0,82,0,2,0,0,284,0,0
2025-07-16,1190,0,0,4,1,43,0,154,0,1,0,0,250,0,0
2025-07-17,1180,0,0,3,9,47,1,111,0,0,0,0,135,0,0
2025-07-18,1120,0,0,0,7,46,1,112,0,1,0,0,163,0,1
2025-07-19,1040,0,0,3,9,52,1,121,0,0,0,0,270,0,23
2025-07-20,1170,0,0,2,7,54,1,132,2,1,0,0,199,0,0
2025-07-21,1090,0,0,1,7,43,1,94,1,0,0,0,256,0,18
2025-07-22,970,0,0,3,2,42,1,88,0,0,0,0,115,0,0
2025-07-23,1050,0,0,5,10,24,0,96,0,0,0,0,86,0,0
2025-07-24,980,0,0,3,5,31,0,76,0,2,0,0,196,0,2
2025-07-25,1080,0,0,7,7,35,2,158,0,0,0,0,125,0,0
2025-07-26,920,0,0,1,4,10,1,122,0,0,0,0,199,0,11
2025-07-27,1000,0,0,4,1,4,1,103,0,0,0,0,235,0,0
2025-07-28,1050,0,0,4,0,39,1,91,0,1,0,0,192,0,2
2025-07-29,890,0,0,1,1,30,0,67,0,0,0,0,100,0,0
2025-07-30,1070,0,0,1,1,16,0,68,0,1,0,0,209,0,0
2025-07-31,940,0,0,1,2,33,0,72,0,0,0,0,163,0,3
2025-08-01,1010,0,0,0,1,38,1,130,0,0,0,0,139,0,0
2025-08-02,920,0,0,0,2,43,0,135,0,0,0,0,178,0,1
2025-08-03,1010,0,0,1,8,28,0,85,0,0,0,0,77,0,1
2025-08-04,1120,0,0,2,12,28,0,93,0,0,0,0,169,0,2
2025-08-05,1010,0,0,1,0,52,3,138,1,0,0,0,147,0,0
2025-08-06,1040,0,0,4,4,47,1,130,0,0,0,0,163,0,0
2025-08-07,1040,0,0,7,7,52,0,126,0,0,0,0,238,0,0
2025-08-08,940,0,0,5,1,41,0,125,0,1,0,0,147,0,0
2025-08-09,950,0,0,1,4,70,4,126,0,0,0,0,140,0,1
2025-08-10,1000,0,0,4,7,37,2,131,0,0,0,0,191,0,0
2025-08-11,980,0,0,5,5,26,2,106,1,1,0,0,107,0,0
2025-08-12,890,0,0,1,8,23,1,46,0,2,0,0,99,0,2
2025-08-13,990,0,0,5,3,29,1,191,0,0,0,0,191,0,0
2025-08-14,940,0,0,2,3,40,1,140,3,0,1,0,147,0,0
2025-08-15,1010,0,0,6,2,42,0,137,2,0,0,0,152,0,0
2025-08-16,900,0,0,4,8,49,1,88,0,1,0,0,186,0,0
2025-08-17,940,0,0,2,5,43,1,116,0,0,0,0,157,0,0
2025-08-18,890,0,0,0,0,66,1,123,1,0,0,0,209,0,0
2025-08-19,920,0,0,1,4,50,0,142,0,0,0,0,260,0,7
2025-08-20,830,0,0,1,5,41,1,114,1,1,0,0,315,0,0
2025-08-21,790,0,0,4,3,46,1,110,0,1,0,0,318,0,33
2025-08-22,840,0,0,5,4,23,0,86,0,0,0,0,148,0,0
2025-08-23,910,0,0,0,3,40,0,81,0,1,0,0,121,0,0
2025-08-24,870,0,0,1,8,48,0,79,4,0,0,0,291,0,0
2025-08-25,890,0,0,4,3,33,0,97,2,0,0,0,95,0,0
2025-08-26,920,0,0,1,0,45,0,118,0,1,0,0,194,0,0
2025-08-27,880,0,0,4,7,40,2,120,2,0,0,0,325,0,0
2025-08-28,850,0,0,4,6,61,2,109,0,1,0,0,414,0,28
2025-08-29,850,0,0,6,19,47,0,106,0,0,0,0,316,0,0
2025-08-30,810,0,0,2,2,27,0,83,0,0,0,0,371,0,38
2025-08-31,850,0,0,4,17,49,0,94,0,0,0,1,214,0,0
2025-09-01,800,0,0,1,4,53,1,89,0,0,0,0,170,0,0
2025-09-02,780,0,0,1,4,41,0,112,4,0,0,0,338,0,0
2025-09-03,840,0,0,0,4,43,2,92,0,2,0,0,261,0,22
2025-09-04,810,0,0,2,2,50,1,139,0,1,0,0,222,0,0
2025-09-05,960,0,0,2,0,39,0,119,1,1,0,0,256,0,0
2025-09-06,970,0,0,2,11,42,1,104,4,0,0,0,294,0,0
2025-09-07,910,0,0,5,4,29,0,81,0,0,0,0,461,0,5
2025-09-08,950,0,0,1,3,32,1,72,2,0,0,0,226,0,0
2025-09-09,990,0,0,3,1,29,1,83,1,0,0,0,347,0,0
2025-09-10,890,0,0,4,2,22,0,49,0,0,0,0,343,0,27
2025-09-11,890,0,0,1,2,40,2,64,0,0,0,0,273,0,0
2025-09-12,950,0,0,4,1,39,1,109,0,0,0,0,358,0,0
2025-09-13,880,0,0,3,0,42,1,102,0,0,0,0,261,0,0
2025-09-14,910,0,0,0,2,35,1,84,1,0,0,0,323,0,0
2025-09-15,910,0,0,0,5,26,2,72,0,0,0,0,310,0,0
2025-09-16,1020,0,0,5,3,36,0,108,0,0,0,0,360,0,0
2025-09-17,930,0,0,2,0,33,1,122,0,0,0,0,390,0,0
2025-09-18,1150,0,0,0,1,17,1,44,3,1,0,0,211,0,0
2025-09-19,1070,0,0,1,2,31,0,124,0,0,0,0,365,0,0
2025-09-20,1010,0,0,1,1,25,0,77,1,0,0,0,553,0,29
2025-09-21,960,0,0,1,1,47,1,118,0,0,0,3,403,0,0
2025-09-22,1010,0,0,5,0,53,2,123,0,0,2,1,485,0,0
2025-09-23,970,0,0,2,3,43,1,130,4,0,2,0,334,0,0
2025-09-24,940,0,0,0,2,38,5,120,2,4,0,0,415,0,0
2025-09-25,940,0,0,2,0,14,0,82,0,0,1,0,334,0,0
2025-09-26,970,0,0,1,1,39,1,91,2,1,0,0,362,0,0
2025-09-27,1110,0,0,7,2,45,1,131,0,0,0,0,454,0,0
2025-09-28,1080,0,0,7,0,53,1,111,2,1,0,0,617,0,43
2025-09-29,970,0,0,4,1,27,1,90,0,0,0,1,301,0,0
2025-09-30,920,0,0,1,3,13,0,33,0,0,0,0,249,0,0
2025-10-01,980,0,0,1,2,12,2,29,0,0,0,0,271,0,0
2025-10-02,970,0,0,1,1,77,7,22,0,0,0,0,270,0,3
2025-10-03,950,0,0,1,1,15,1,73,1,0,0,0,450,0,10
2025-10-04,870,0,0,4,1,18,1,35,0,0,0,0,320,0,0
2025-10-05,1090,0,0,5,14,18,0,63,0,1,0,0,363,0,38
2025-10-06,1020,0,0,3,6,29,0,79,2,1,0,0,338,0,0
2025-10-07,1010,0,0,2,5,26,1,75,0,1,0,0,401,0,0
2025-10-08,1020,0,0,1,1,15,0,55,0,0,0,0,328,0,0
2025-10-09,1120,0,0,5,14,13,0,70,0,0,0,0,254,0,0
2025-10-10,1060,0,0,1,6,21,1,72,0,0,0,0,219,0,18
2025-10-11,1240,0,0,1,0,10,0,87,3,0,0,0,244,0,0
2025-10-12,1140,0,0,3,0,21,2,109,1,0,0,0,232,0,0
2025-10-13,1200,0,0,5,0,29,0,145,0,0,0,0,390,0,0
2025-10-14,1070,0,0,3,2,43,0,141,0,2,0,0,389,0,0
2025-10-15,1080,0,0,2,9,42,0,139,0,0,0,0,416,0,0
2025-10-16,730,0,0,5,10,35,0,73,1,1,0,0,588,0,5
2025-10-17,1150,0,0,1,2,41,2,131,2,0,1,0,498,0,0
2025-10-18,1000,0,0,1,3,45,2,126,0,0,0,0,444,0,0
2025-10-19,890,0,0,2,0,45,0,94,0,1,0,0,398,0,0
2025-10-20,1130,0,0,8,37,23,0,134,0,0,0,0,235,0,0
2025-10-21,1050,0,0,2,11,12,0,96,1,0,0,0,160,0,0
2025-10-22,920,0,0,2,6,24,1,106,0,1,0,0,626,0,16
2025-10-23,910,0,0,1,5,34,1,128,0,0,0,0,440,0,0
2025-10-24,910,0,0,4,1,15,0,80,0,0,0,0,359,0,0
2025-10-25,900,0,0,4,18,15,0,81,0,0,0,0,214,0,0
2025-10-26,0,0,0,2,3,34,1,138,0,0,0,0,547,0,0
2025-10-27,160,0,0,6,28,8,2,131,3,0,0,0,108,0,0
2025-10-28,1150,0,0,4,3,20,1,79,2,0,0,0,313,0,0
2025-10-29,960,0,0,2,3,25,1,128,0,2,0,0,340,0,0
2025-10-30,970,0,0,5,5,39,2,118,0,1,0,0,648,0,37
2025-10-31,2600,0,0,6,30,9,1,58,0,0,0,0,349,0,0
2025-11-01,940,0,0,0,4,25,0,121,0,0,0,0,348,0,0
2025-11-02,1160,0,0,5,6,45,0,121,2,0,0,0,383,0,1
2025-11-03,840,0,0,5,1,42,1,93,1,0,0,0,425,0,0
2025-11-04,0,0,0,3,3,24,0,70,0,2,0,0,398,0,0
2025-11-05,1170,0,0,0,6,15,0,84,1,0,0,0,172,0,0
2025-11-06,1170,0,0,1,2,13,0,65,2,1,0,0,248,0,0
2025-11-07,1190,0,0,0,1,20,3,72,0,1,0,1,250,0,0
2025-11-08,970,0,0,5,1,19,0,85,0,0,0,0,440,0,8
2025-11-09,1090,0,0,7,7,9,0,77,0,0,0,0,57,0,0
2025-11-10,1020,0,0,0,1,17,1,79,0,0,0,0,217,0,0
2025-11-11,1000,0,0,0,3,13,1,87,1,1,0,0,162,0,0
2025-11-12,1180,0,0,2,11,9,0,88,2,2,0,0,141,0,0
2025-11-13,1040,0,0,0,2,35,0,95,0,0,0,0,442,0,0
2025-11-14,1000,0,0,6,19,20,1,90,2,2,0,0,490,0,14
2025-11-15,860,0,0,3,3,26,2,68,2,0,0,0,409,0,0
2025-11-16,1160,0,0,2,3,17,1,72,0,2,0,0,213,0,0
2025-11-17,960,0,0,0,0,13,1,43,0,1,0,0,294,0,0
2025-11-18,850,0,0,1,1,12,1,56,1,0,0,0,293,0,0
2025-11-19,890,0,0,1,2,19,0,68,1,0,0,0,384,0,41
2025-11-20,1050,0,0,0,3,20,0,65,0,0,0,0,150,0,0
2025-11-21,270,0,0,4,7,9,1,74,0,1,0,0,222,0,0
2025-11-22,920,0,0,2,8,26,2,80,1,0,0,0,496,0,0
2025-11-23,1190,0,0,3,5,41,0,84,0,0,0,0,431,0,0
2025-11-24,1120,0,0,2,4,18,0,112,3,2,0,0,448,0,0
2025-11-25,980,0,0,4,1,44,0,124,1,2,0,0,743,0,14
2025-11-26,1140,0,0,1,3,21,1,109,1,1,2,0,214,0,0
2025-11-27,1100,0,0,7,15,21,0,48,0,0,0,0,63,0,0
2025-11-28,910,0,0,1,15,3,0,64,2,0,0,0,106,0,0
2025-11-29,1160,0,0,5,14,7,2,49,0,0,0,0,508,0,29
2025-11-30,2860,0,0,1,6,14,0,71,0,0,0,0,239,0,0
2025-12-01,1110,0,0,0,1,14,0,58,1,0,0,0,51,0,0
2025-12-02,1200,0,0,6,3,12,3,47,1,0,0,0,90,0,0
2025-12-03,1140,0,0,3,3,29,1,125,0,0,0,0,245,0,0
2025-12-04,1240,0,0,0,1,34,2,94,2,0,1,0,424,0,0
2025-12-05,1180,0,0,2,2,31,2,130,1,0,0,0,487,0,0
2025-12-06,1080,0,0,3,0,33,2,98,0,0,0,0,540,0,30
2025-12-07,810,0,0,2,1,10,0,47,3,0,0,0,530,0,4
2025-12-08,930,0,0,0,2,27,1,61,1,0,0,0,432,0,0
2025-12-09,1010,0,0,1,1,25,0,107,0,0,0,0,177,0,0
2025-12-10,1460,0,0,0,7,23,1,157,3,0,0,0,82,0,0
2025-12-11,1400,0,0,2,6,16,2,107,2,3,1,0,253,0,2
2025-12-12,1300,0,0,3,9,24,1,103,2,2,0,0,283,0,0
2025-12-13,710,0,0,1,7,9,0,81,0,1,0,0,440,0,13
2025-12-14,980,0,0,2,10,64,3,207,0,2,0,0,653,0,0
2025-12-15,1150,0,1,9,6,67,0,177,0,0,0,0,442,0,0
2025-12-16,1730,0,0,6,21,33,1,179,1,1,0,0,167,0,0
2025-12-17,950,0,0,5,0,27,2,119,0,1,0,0,330,0,0
2025-12-18,1220,0,0,1,10,18,1,111,0,0,0,0,426,0,0
2025-12-19,1090,0,0,0,1,37,1,130,1,0,0,0,346,0,0
2025-12-20,1130,0,0,2,1,11,0,68,1,0,0,0,116,0,0
2025-12-21,1120,0,0,3,2,10,0,64,0,0,0,0,109,0,0
2025-12-22,1420,0,0,8,20,23,1,0,0,0,2,0,453,0,0
2025-12-23,1090,0,0,3,4,45,3,159,0,0,0,0,1031,0,34
2025-12-24,860,0,0,7,5,59,0,149,0,0,0,0,600,0,0
2025-12-25,840,0,0,3,3,74,0,180,0,1,0,0,537,0,0
2025-12-26,1240,0,0,5,19,33,0,158,0,0,0,0,205,0,0
2025-12-27,1200,0,0,5,8,15,2,166,0,0,0,0,688,0,29
2025-12-28,1180,0,0,3,6,13,0,113,1,0,0,0,305,0,0
2025-12-29,1220,0,0,5,4,19,1,119,1,0,0,0,400,0,0
2025-12-30,1000,0,0,4,4,53,4,237,4,2,0,0,752,0,0
2025-12-31,1060,0,0,7,4,36,1,284,0,0,0,0,769,0,0
2026-01-01,910,0,0,6,2,42,2,169,0,1,0,0,590,0,1
2026-01-02,750,0,0,3,4,24,1,101,0,0,0,0,539,0,0
2026-01-03,900,0,0,2,0,12,0,88,0,1,0,0,278,0,0
2026-01-04,990,0,0,8,2,29,2,169,1,0,0,0,704,0,0
2026-01-05,940,0,0,5,6,46,1,157,0,1,0,0,879,0,0
2026-01-06,1040,0,0,3,2,26,2,122,1,0,0,0,406,0,0
2026-01-07,1400,0,0,6,9,17,1,112,0,0,0,0,225,0,0
2026-01-08,1030,0,0,5,8,18,0,90,0,0,0,0,687,0,0
2026-01-09,880,0,0,4,0,16,1,84,2,0,0,0,653,0,18
2026-01-10,1130,0,0,11,3,44,1,134,0,0,0,0,654,0,0
2026-01-11,1060,0,0,0,7,21,0,98,3,1,0,0,353,0,0
2026-01-12,950,0,0,3,7,51,2,145,0,0,0,0,933,0,0
2026-01-13,990,0,0,6,3,74,3,232,0,5,0,0,1074,0,8
2026-01-14,1150,0,0,7,2,84,8,187,0,2,0,0,929,0,0
2026-01-15,1370,0,0,6,4,48,3,180,2,0,0,0,527,0,0
2026-01-16,1130,0,0,6,6,31,1,115,0,1,0,0,721,0,0
2026-01-17,830,0,0,5,5,33,1,105,0,0,0,0,845,0,0
2026-01-18,1020,0,0,2,3,39,1,170,1,0,0,0,765,0,0
2026-01-19,1130,0,0,6,6,60,1,191,3,1,0,0,925,0,0
2026-01-20,1170,0,0,8,10,70,3,171,1,0,0,0,1019,0,27
2026-01-21,1070,0,0,9,5,53,2,178,0,3,0,0,669,0,0
2026-01-22,1280,0,0,3,3,33,0,140,1,0,0,0,449,0,0
2026-01-23,930,0,0,4,3,31,0,88,0,1,0,0,772,0,0
2026-01-24,1020,0,0,2,1,32,1,115,0,3,0,0,847,0,15
2026-01-25,1020,0,0,3,1,32,2,147,1,0,0,0,917,0,0
2026-01-26,820,0,0,1,3,47,2,119,0,0,0,0,899,0,0
2026-01-27,690,0,0,0,4,22,1,77,2,0,0,0,1012,0,0
2026-01-28,830,0,0,4,7,20,0,88,0,2,1,0,955,0,0
2026-01-29,1310,0,0,1,4,15,2,129,1,1,0,0,555,0,0
2026-01-30,880,0,0,5,8,20,1,58,0,1,0,0,694,0,0
2026-01-31,1090,0,0,3,3,9,0,62,0,0,0,0,206,0,0
2026-02-01,850,0,0,2,1,25,1,146,2,1,0,0,1083,0,0
2026-02-02,760,0,0,6,4,53,0,153,1,1,0,0,1171,0,0
2026-02-03,780,0,0,4,7,60,1,211,4,1,0,0,1355,0,40
2026-02-04,770,0,0,5,4,60,2,200,0,0,0,0,1351,0,0
2026-02-05,720,0,0,6,11,39,1,162,1,2,0,0,826,0,0
2026-02-06,730,0,0,2,2,22,0,68,1,0,0,0,1161,0,0
2026-02-07,1040,0,0,1,1,8,0,60,5,0,0,0,468,0,24
2026-02-08,1250,0,0,3,3,12,0,113,0,0,0,0,413,0,1
2026-02-09,980,0,0,2,5,33,0,182,1,2,0,0,1198,0,0
2026-02-10,820,0,0,5,2,59,1,235,0,1,0,0,1551,0,0
2026-02-11,770,0,0,1,5,65,3,172,0,1,0,0,1442,0,0
2026-02-12,800,0,0,5,3,41,1,127,0,1,0,0,1239,0,16
2026-02-13,1070,1,0,1,3,28,3,120,1,0,0,0,914,0,0
2026-02-14,1250,0,0,4,6,11,3,97,0,0,0,0,552,0,0
2026-02-15,1180,0,0,4,5,26,0,169,0,1,0,0,601,0,0
2026-02-16,890,0,0,2,3,4,0,71,0,0,0,0,614,0,2
2026-02-17,740,0,0,3,6,40,0,194,1,1,0,0,1851,0,26
2026-02-18,830,0,0,1,3,21,1,117,0,0,0,0,406,0,0
2026-02-19,970,0,0,2,6,3,0,76,1,1,0,0,551,0,0
2026-02-20,1010,0,0,1,3,42,2,183,0,0,0,1,1527,0,0
2026-02-21,890,0,0,9,6,41,1,205,0,0,0,0,1705,0,0
2026-02-22,720,0,0,2,13,40,2,136,0,1,0,0,1765,0,33
2026-02-23,920,0,0,2,4,50,0,190,1,1,0,0,1693,0,0
2026-02-24,1070,0,0,3,5,29,1,145,1,0,0,0,886,0,0
2026-02-25,1360,0,0,3,0,25,4,93,0,0,0,0,681,0,0
2026-02-26,1280,0,0,2,6,17,0,116,0,0,0,0,883,0,37
2026-02-27,770,0,0,1,5,32,2,149,0,0,0,0,1616,0,0
2026-02-28,870,0,0,2,6,58,1,181,0,3,0,0,1722,0,0
2026-03-01,960,0,0,4,3,74,3,247,1,5,0,0,1810,0,0
2026-03-02,790,1,0,5,20,47,0,235,0,6,0,0,1529,0,0
2026-03-03,980,0,0,5,4,32,2,232,2,0,0,0,1733,0,0
2026-03-04,900,0,0,4,7,41,0,210,1,0,0,0,1950,0,0
2026-03-05,950,0,0,7,6,45,2,208,1,1,0,1,1609,0,0
2026-03-06,1010,0,0,3,3,44,1,170,0,2,0,0,1868,0,0
2026-03-07,930,0,0,5,6,55,3,289,3,0,0,0,2558,0,19
2026-03-08,750,1,0,3,10,70,2,188,0,4,0,0,2224,0,0
2026-03-09,950,0,0,13,7,73,4,221,4,2,0,0,2169,0,0
2026-03-10,990,0,0,5,3,61,1,281,1,0,0,0,2157,0,0
2026-03-11,780,0,0,3,20,56,1,243,0,1,0,0,2102,0,0
2026-03-12,860,0,0,7,5,50,4,189,0,2,0,0,2071,0,0
2026-03-13,810,0,0,4,10,52,1,180,0,1,0,0,2147,0,0
2026-03-14,740,1,0,4,1,17,0,110,1,0,0,0,1984,0,65
2026-03-15,760,1,0,0,2,19,1,111,2,1,0,0,1883,0,0
2026-03-16,930,0,0,2,3,20,1,120,0,0,0,0,1991,0,0
2026-03-17,1710,0,0,3,11,29,0,230,0,0,0,0,1189,0,0
2026-03-18,1520,0,0,0,4,32,3,155,1,0,0,0,1391,0,0
2026-03-19,1610,0,0,3,21,31,0,245,4,0,0,0,1480,0,0
2026-03-20,1240,0,0,1,8,39,0,144,0,0,0,1,1781,0,0
2026-03-21,940,0,0,3,1,30,3,121,2,3,0,0,1885,0,0
2026-03-22,970,0,0,1,5,24,1,136,0,0,0,0,1999,0,0
2026-03-23,890,0,0,6,3,33,1,180,0,0,0,0,1023,0,0
2026-03-24,1220,0,0,6,3,51,0,196,0,0,0,0,2459,0,23
2026-03-25,1210,0,0,1,4,49,2,201,2,1,0,0,2038,0,0
2026-03-26,1000,0,0,1,9,68,2,217,0,0,0,0,2222,0,0
2026-03-27,1300,0,0,4,10,73,7,227,5,0,0,0,1501,0,0
2026-03-28,1360,0,0,8,16,65,0,181,0,0,0,0,1948,0,0
2026-03-29,870,0,0,4,4,48,1,183,0,0,0,0,2471,0,0
2026-03-30,970,0,0,2,7,61,1,199,0,1,0,0,2296,0,0
2026-03-31,1060,0,0,2,3,59,3,219,0,0,0,0,2069,0,0
2026-04-01,1300,0,0,2,7,59,1,195,0,0,0,0,2497,0,0
2026-04-02,1230,0,0,3,6,65,0,177,2,0,0,0,1236,0,0
2026-04-03,1110,0,0,2,4,85,3,199,0,0,0,0,2387,0,26
2026-04-04,1180,0,0,4,6,61,3,206,3,0,0,0,2427,0,0
2026-04-05,940,0,0,2,10,58,0,259,0,0,0,0,1953,0,0
2026-04-06,980,0,0,0,4,65,3,248,3,2,0,0,1945,0,0
2026-04-07,1030,0,0,5,4,63,1,241,2,1,0,0,1960,0,0
2026-04-08,1040,0,0,1,2,64,1,229,2,0,0,0,2238,0,0
2026-04-09,1130,0,0,1,5,45,0,183,0,0,0,0,2232,0,0
2026-04-10,1440,0,0,3,6,64,2,183,2,3,0,0,2014,0,0
2026-04-11,1070,0,0,8,3,73,1,216,0,1,0,0,2081,0,0
2026-04-12,960,0,0,2,2,44,1,185,2,1,0,0,1528,0,0
2026-04-13,820,0,0,2,3,38,4,201,0,0,0,0,2459,0,0
2026-04-14,1010,0,0,1,1,50,4,253,2,0,0,0,1388,0,0
2026-04-15,1100,0,0,2,1,43,2,208,1,1,0,0,1357,0,20
2026-04-16,1000,0,0,4,9,114,1,253,3,2,0,0,2410,0,12
2026-04-17,1080,0,0,6,10,82,4,180,0,0,0,0,2104,0,0
2026-04-18,1070,0,0,6,10,82,5,203,2,0,0,0,2019,0,0
2026-04-19,1050,0,0,2,2,72,0,174,1,1,0,0,1427,0,0
2026-04-20,1040,0,0,0,7,82,1,192,0,0,0,0,1905,0,0
2026-04-21,1140,0,0,1,7,38,0,162,0,0,0,0,1026,0,0
2026-04-22,1100,0,0,3,5,58,3,202,2,1,0,0,1941,0,0
2026-04-23,910,0,0,4,4,32,1,129,0,2,0,0,1175,0,0
2026-04-24,1230,0,0,0,13,29,0,166,2,0,0,0,1257,0,0
2026-04-25,960,0,0,0,5,76,0,160,0,1,0,0,2229,0,30
2026-04-26,810,0,0,0,4,26,0,128,0,0,0,0,1128,0,0
2026-04-27,1180,0,0,0,16,34,2,276,5,0,0,0,1039,0,0
2026-04-28,1180,0,0,2,3,54,0,245,5,2,0,0,1775,0,0
2026-04-29,1470,0,0,7,7,119,1,375,2,0,0,2,1327,0,0
2026-04-30,1420,0,0,2,3,100,1,403,0,1,0,0,1924,0,0
2026-05-01,1240,0,0,3,4,73,6,265,1,0,0,0,2305,0,0
2026-05-02,1080,0,0,2,3,76,2,282,0,0,0,0,2224,12,0
2026-05-03,1120,0,0,6,4,113,2,268,17,0,0,0,2249,11,5
2026-05-04,970,0,0,3,3,80,3,206,2,4,0,0,1968,3,0
2026-05-05,1050,0,0,1,5,92,5,282,0,2,0,0,2031,12,1
2026-05-06,890,0,0,0,6,61,1,233,2,2,0,0,1851,4,0
2026-05-07,1130,0,0,1,17,91,2,334,1,5,0,0,1817,8,0
2026-05-08,1080,0,0,1,3,82,2,373,0,1,0,0,1479,7,0
2026-05-09,840,0,0,0,3,75,2,227,3,2,0,0,1489,11,0
2026-05-10,920,0,0,4,7,76,1,231,2,0,0,0,1557,9,0
2026-05-11,1020,0,0,2,2,72,2,145,1,0,0,0,1252,2,0
2026-05-12,1130,0,0,2,1,50,1,287,2,3,0,0,1853,2,0
2026-05-13,1060,0,0,3,3,68,1,213,2,3,0,0,2319,6,0
2026-05-14,1150,0,0,4,12,32,1,185,1,0,0,0,1780,7,41
2026-05-15,1230,0,0,2,5,48,0,253,7,2,1,0,1865,9,0
2026-05-16,1170,0,0,1,4,82,2,325,5,3,0,0,2131,13,2
2026-05-17,1220,0,0,1,5,47,2,220,4,2,0,1,1603,5,0
2026-05-18,1140,0,0,1,1,78,0,262,2,0,0,0,2142,11,4
2026-05-19,920,0,0,3,2,60,3,268,4,2,0,0,1873,6,0
2026-05-20,910,0,0,0,5,54,2,202,1,1,0,0,1715,4,0
2026-05-21,880,0,0,1,3,57,1,135,0,1,0,0,1872,4,0
2026-05-22,950,0,0,5,5,68,1,201,5,4,0,0,1819,4,0
2026-05-23,1110,0,0,1,4,61,1,292,4,2,0,0,1843,7,0
2026-05-24,1020,0,0,3,5,47,2,302,2,0,0,0,1924,14,55
2026-05-25,1010,0,0,1,7,64,2,374,3,1,0,0,1790,10,0
2026-05-26,1000,0,0,1,3,39,1,271,3,0,0,0,1307,10,0
2026-05-27,1160,0,0,1,7,42,1,261,3,0,0,0,1560,7,0
2026-05-28,960,0,0,2,11,28,2,324,0,0,0,0,1750,4,0
2026-05-29,1430,0,0,2,7,70,5,483,4,1,0,0,1781,4,6
2026-05-30,1560,0,0,2,14,57,6,524,3,1,0,0,1894,19,0
2026-05-31,1410,0,0,4,2,50,1,384,2,0,0,0,1852,9,0
2026-06-01,1440,0,0,3,7,75,1,517,2,1,0,0,1583,14,0
2026-06-02,1130,0,0,5,7,60,5,437,4,3,0,0,1853,6,40
2026-06-03,1300,0,0,4,3,75,4,396,3,0,0,0,2111,14,0
2026-06-04,1550,0,0,2,8,68,2,329,2,1,0,0,2046,14,0
2026-06-05,1380,0,0,3,12,82,5,358,3,1,0,0,2046,9,0
2026-06-06,1350,0,0,6,4,82,7,393,4,2,0,0,2245,10,0
2026-06-07,1330,0,0,8,5,85,3,363,2,2,0,0,2161,12,0
2026-06-08,1370,0,0,4,5,75,4,382,4,2,0,0,2103,7,0
2026-06-09,1190,0,0,3,7,74,6,376,4,3,0,0,2204,5,0
2026-06-10,1310,0,0,6,10,74,2,326,10,2,0,0,2120,9,0
2026-06-11,1300,0,0,4,1,78,2,352,3,1,0,0,2218,8,0
2026-06-12,1310,0,0,1,11,88,4,424,7,1,0,0,2164,12,0
2026-06-13,1440,0,0,5,14,57,3,401,1,1,0,0,2132,13,0
2026-06-14,1320,0,0,5,10,72,2,416,8,1,0,0,2314,3,0
2026-06-15,1230,0,0,1,5,36,2,417,4,7,0,0,2062,3,50
2026-06-16,1260,0,0,7,7,51,2,486,3,0,0,0,2052,10,0
2026-06-17,1370,0,0,5,4,71,3,431,3,4,0,0,1996,7,0
2026-06-18,1370,0,0,2,4,58,4,441,3,1,0,0,1968,4,4
2026-06-19,1240,0,0,1,4,88,2,476,5,1,0,0,2246,7,0
2026-06-20,1290,0,0,8,10,93,2,475,2,2,0,0,2346,8,0
2026-06-21,1190,0,0,1,8,51,1,384,5,2,0,0,2015,9,0
2026-06-22,1390,0,0,0,7,74,1,626,8,0,0,0,1851,7,0
2026-06-23,1260,0,0,6,4,60,2,430,4,3,0,0,1873,7,0
2026-06-24,1270,0,0,1,2,67,4,450,6,3,0,0,1994,2,0
2026-06-25,1310,0,0,2,5,68,3,439,9,4,0,0,1778,1,0
2026-06-26,1350,0,0,1,12,58,3,488,5,0,0,0,1951,11,3
2026-06-27,1250,0,0,3,9,63,2,501,7,7,0,0,1889,14,0
2026-06-28,1230,0,0,3,1,49,0,477,6,0,0,0,1724,10,7
2026-06-29,1350,0,0,1,6,71,0,492,2,1,0,0,1952,13,0
2026-06-30,1210,0,0,2,5,71,2,395,1,4,0,0,1891,5,0
2026-07-01,1140,0,0,0,5,57,7,353,7,0,0,0,2123,9,1
2026-07-02,1250,0,0,4,2,57,2,385,4,4,0,0,2152,18,48
2026-07-03,1190,0,0,1,6,100,1,407,5,6,0,0,1768,6,1
2026-07-04,1290,0,0,7,9,63,3,462,0,1,0,0,1628,6,0
2026-07-05,1420,0,0,7,16,63,1,580,4,3,0,0,1979,12,3
2026-07-06,1200,0,0,9,5,57,0,399,5,5,0,0,2129,15,37
2026-07-07,1260,0,0,3,4,61,1,462,4,0,0,0,2074,5,0
2026-07-08,1310,0,0,7,3,59,4,363,4,1,1,0,1843,4,0
2026-07-09,1460,0,0,1,6,52,1,339,0,2,0,0,1868,8,0
2026-07-10,1490,0,0,8,10,74,1,361,0,4,0,0,1294,3,0
2026-07-11,1320,0,0,4,6,53,4,428,5,0,0,0,2034,15,2
2026-07-12,1600,0,0,5,3,58,1,494,5,4,0,0,1734,11,7
2026-07-13,1120,0,0,6,1,46,2,330,4,2,0,0,1508,11,3
2026-07-14,1470,1,0,10,6,42,5,445,4,1,0,0,2003,2,7
2026-07-15,1340,0,0,3,2,66,0,420,0,0,0,0,1801,12,0
2026-07-16,1370,0,0,4,6,65,7,489,4,4,0,1,1879,13,3
2026-07-17,1420,0,0,3,10,85,3,526,4,6,1,0,1914,11,5
2026-07-18,1520,0,0,5,7,92,4,547,2,3,0,0,1858,13,1
2026-07-19,1600,0,0,2,8,82,3,605,3,6,0,0,1769,9,18
2026-07-20,1370,0,0,3,7,92,2,453,8,2,0,0,1865,5,0
2026-07-21,1330,0,0,2,4,57,3,355,9,0,0,0,1610,11,0
2026-07-22,1460,0,0,28,12,78,3,541,3,2,0,0,1688,13,3
2026-07-23,1410,0,0,10,6,76,7,544,1,1,1,0,1652,12,2
2026-07-24,1450,0,0,7,11,78,0,571,8,2,0,0,1596,17,5
2026-07-25,1440,0,0,9,8,70,1,453,3,0,0,0,0,8,1
2026-07-26,1590,0,0,8,13,37,0,491,7,1,0,0,2719,7,6
2026-07-27,1560,0,0,1,6,71,1,548,4,0,0,0,1755,16,0
2026-07-28,1310,0,0,1,6,60,3,331,2,2,0,0,1468,9,0
2026-07-29,1360,0,0,3,5,41,3,440,2,1,0,0,1362,8,0
2026-07-30,1340,0,0,1,7,42,0,413,3,3,0,0,1525,10,55
2026-07-31,1470,0,0,0,4,82,4,463,1,2,0,0,1838,16,0
2026-08-01,1500,0,0,0,10,69,8,456,2,2,0,0,1788,11,2
2026-08-02,1390,0,0,1,5,80,8,485,6,4,0,0,1657,4,0
2026-08-03,1240,0,0,5,4,55,4,379,0,5,0,0,1792,12,0
2026-08-04,1130,0,0,5,5,65,2,449,3,2,0,0,1715,10,0
2026-08-05,1330,0,0,4,3,59,4,416,1,7,0,0,1811,4,0
2026-08-06,1210,0,0,1,11,67,2,386,6,3,0,0,1589,14,0
2026-08-07,1190,1,0,4,1,58,1,349,2,6,0,0,1751,10,0
2026-08-08,1130,0,0,2,4,41,4,358,1,0,0,0,1642,9,0
2026-08-09,1470,0,0,2,13,48,6,461,6,2,0,0,1746,10,0
2026-08-10,1190,0,0,4,4,44,1,307,3,2,0,0,1578,9,0
2026-08-11,1260,0,0,0,7,60,2,388,2,1,0,0,1767,13,0
2026-08-12,1310,0,0,3,3,51,1,474,6,1,0,0,1634,12,0
2026-08-13,1470,0,0,2,11,46,1,448,2,3,0,0,1676,14,0
2026-08-14,1370,0,0,5,3,62,2,522,4,3,0,0,1835,12,0
2026-08-15,1510,0,0,1,7,75,8,476,7,2,0,0,1920,16,0
2026-08-16,1440,0,0,2,4,93,3,597,5,2,0,0,2093,16,3
2026-08-17,1210,0,0,2,7,55,3,443,7,5,0,0,1962,19,0
2026-08-18,1190,0,0,2,0,50,3,427,1,0,0,0,1738,19,0
2026-08-19,1480,0,0,7,3,56,7,500,3,0,0,0,1672,10,0
2026-08-20,1390,0,0,3,5,57,2,551,8,4,0,0,1980,12,39
2026-08-21,1240,0,0,6,6,64,2,435,6,3,0,0,1792,11,0
2026-08-22,1310,0,0,0,26,69,0,415,4,1,1,0,1925,8,3
2026-08-23,1490,0,0,1,9,68,2,554,6,1,0,0,1761,16,0
2026-08-24,1230,0,0,0,9,48,2,448,7,1,0,0,1555,10,0
2026-08-25,1450,0,0,7,10,74,4,533,10,1,0,0,1723,9,0
2026-08-26,1400,0,0,4,7,53,3,494,10,2,0,0,1762,17,0
2026-08-27,1630,0,0,3,0,55,2,493,2,3,0,0,1657,16,8
2026-08-28,1420,0,0,3,4,25,3,318,4,0,0,0,1360,9,0
2026-08-29,1400,0,0,1,7,59,2,394,6,1,0,0,1963,6,0
2026-08-30,1600,0,0,5,7,50,7,467,7,3,0,0,2055,7,0
2026-08-31,1440,0,0,4,2,71,0,412,2,0,0,0,1775,10,0
2026-09-01,1390,0,0,4,6,62,2,383,2,1,0,0,1969,12,10
2026-09-02,1320,0,0,0,1,69,4,435,3,2,1,1,1875,12,0
2026-09-03,1440,0,0,1,8,77,3,492,8,4,0,0,1890,13,0
2026-09-04,1260,0,0,3,1,65,5,401,8,0,0,0,1898,13,0
2026-09-05,1390,0,0,3,5,33,3,392,0,1,0,0,1435,5,0
2026-09-06,1540,0,0,1,6,51,7,591,3,4,0,0,1473,9,0
2026-09-07,1410,0,0,0,1,30,1,452,0,3,0,0,1592,5,0
2026-09-08,1480,0,0,6,5,42,1,530,3,1,0,0,1879,13,33
2026-09-09,1520,0,0,1,15,69,2,613,0,5,0,1,2017,16,0
2026-09-10,1490,0,0,2,7,64,2,590,16,4,0,0,1925,23,0
2026-09-11,1500,0,0,1,10,85,6,638,10,11,1,0,2045,13,0
2026-09-12,1520,0,0,2,8,77,5,410,5,2,0,0,2142,17,8
2026-09-13,1700,0,0,1,1,74,7,548,2,2,0,0,2124,12,0
2026-09-14,1400,0,0,0,3,41,4,376,7,1,0,0,1839,11,0
2026-09-15,1530,0,0,0,5,27,1,374,2,4,0,0,789,4,0
2026-09-16,1960,0,0,1,6,43,7,461,5,3,0,0,1439,14,0
2026-09-17,1420,0,0,5,7,75,3,424,4,1,0,0,1808,12,0
2026-09-18,1520,0,0,1,5,73,1,480,2,11,0,0,1816,16,0
2026-09-19,1560,0,0,4,4,56,3,423,13,2,0,0,1833,23,0
2026-09-20,1660,0,0,5,4,75,3,516,13,3,0,0,1728,17,0
2026-09-21,1230,0,0,3,9,42,2,312,4,1,0,0,1441,8,0
2026-09-22,1560,0,0,3,13,32,1,380,4,2,0,0,1426,3,0
