date,metric,latest_daily,last_7_days,last_30_days,cumulative,daily_average,first_date,observation_days
2026-09-30,personnel,1900,11890,46230,1535870,914.21,2022-02-24,1680
2026-09-30,boats,0,0,0,35,0.02,2022-02-24,1680
2026-09-30,submarines,0,0,0,2,0,2022-02-24,1680
2026-09-30,tanks,0,21,68,12388,7.37,2022-02-24,1680
2026-09-30,armoured_personnel_vehicles,1,62,207,25464,15.16,2022-02-24,1680
2026-09-30,artillery_systems,36,315,1601,50555,30.09,2022-02-24,1680
2026-09-30,mlrs,3,20,95,2174,1.29,2022-02-24,1680
2026-09-30,vehicles,524,3105,13555,155887,92.79,2022-02-24,1680
2026-09-30,special_equipment,4,34,151,4774,2.84,2022-02-24,1680
2026-09-30,air_defence_systems,1,14,86,1683,1,2022-02-24,1680
2026-09-30,aircraft,0,1,4,444,0.26,2022-02-24,1680
2026-09-30,helicopters,0,0,2,356,0.21,2022-02-24,1680
2026-09-30,uav,1288,10031,49206,541383,322.25,2022-02-24,1680
2026-09-30,unmanned_ground_vehicles,14,76,351,1509,0.9,2022-02-24,1680
2026-09-30,cruise_missiles,5,15,66,5126,3.05,2022-02-24,1680
